e"date_time"e"albany,ny_maxtempC"e"albany,ny_mintempC"ealbany,ny_totalSnow_cmealbany,ny_sunHoure"albany,ny_uvIndex"e"albany,ny_uvIndex.1"ealbany,ny_moon_illuminatione"albany,ny_moonrise"e"albany,ny_moonset"e"albany,ny_sunrise"e"albany,ny_sunset"e"albany,ny_DewPointC"e"albany,ny_FeelsLikeC"e"albany,ny_HeatIndexC"ealbany,ny_WindChillCealbany,ny_WindGustKmphe"albany,ny_cloudcover"ealbany,ny_humiditye"albany,ny_precipMM"e"albany,ny_pressure"e"albany,ny_tempC"ealbany,ny_visibilitye"albany,ny_winddirDegree"e"albany,ny_windspeedKmph"
0e2018-12-11 00:00:00e-2e-8e0.0e8.7e2e0e21e10:31 AMe08:22 PMe07:15 AMe04:21 PMe-10e-5e-5e-5e2e9e67e0.0e1023e-5e10e309e1
1e2018-12-11 03:00:00e-2e-8e0.0e8.7e2e0e21e10:31 AMe08:22 PMe07:15 AMe04:21 PMe-11e-6e-6e-6e4e18e68e0.0e1023e-6e10e173e2
2e2018-12-11 06:00:00e-2e-8e0.0e8.7e2e0e21e10:31 AMe08:22 PMe07:15 AMe04:21 PMe-12e-7e-7e-7e2e14e68e0.0e1023e-8e10e168e1
3e2018-12-11 09:00:00e-2e-8e0.0e8.7e2e2e21e10:31 AMe08:22 PMe07:15 AMe04:21 PMe-11e-3e-3e-3e3e8e55e0.0e1021e-4e10e207e3
4e2018-12-11 12:00:00e-2e-8e0.0e8.7e2e2e21e10:31 AMe08:22 PMe07:15 AMe04:21 PMe-10e-2e-1e-2e4e3e50e0.0e1017e-2e10e189e3
5e2018-12-11 15:00:00e-2e-8e0.0e8.7e2e2e21e10:31 AMe08:22 PMe07:15 AMe04:21 PMe-9e-2e-2e-2e1e3e58e0.0e1016e-3e10e79e1
6e2018-12-11 18:00:00e-2e-8e0.0e8.7e2e0e21e10:31 AMe08:22 PMe07:15 AMe04:21 PMe-10e-4e-4e-4e2e94e62e0.0e1016e-4e10e354e1
7e2018-12-11 21:00:00e-2e-8e0.0e8.7e2e0e21e10:31 AMe08:22 PMe07:15 AMe04:21 PMe-8e-4e-4e-4e3e66e70e0.0e1016e-4e10e220e2
8e2018-12-12 00:00:00e0e-5e0.1e6.9e1e0e29e11:07 AMe09:20 PMe07:16 AMe04:21 PMe-6e-6e-4e-6e7e81e83e0.0e1015e-4e10e294e4
9e2018-12-12 03:00:00e0e-5e0.1e6.9e1e0e29e11:07 AMe09:20 PMe07:16 AMe04:21 PMe-6e-7e-3e-7e12e63e83e0.1e1016e-3e7e299e8
10e2018-12-12 06:00:00e0e-5e0.1e6.9e1e0e29e11:07 AMe09:20 PMe07:16 AMe04:21 PMe-7e-7e-4e-7e13e49e82e0.0e1018e-4e10e296e8
11e2018-12-12 09:00:00e0e-5e0.1e6.9e1e1e29e11:07 AMe09:20 PMe07:16 AMe04:21 PMe-8e-6e-2e-6e17e77e62e0.0e1020e-2e10e331e13
12e2018-12-12 12:00:00e0e-5e0.1e6.9e1e2e29e11:07 AMe09:20 PMe07:16 AMe04:21 PMe-8e-3e0e-3e11e28e55e0.0e1020e0e10e331e9
13e2018-12-12 15:00:00e0e-5e0.1e6.9e1e2e29e11:07 AMe09:20 PMe07:16 AMe04:21 PMe-8e-4e-2e-4e8e6e64e0.0e1022e-2e10e11e5
14e2018-12-12 18:00:00e0e-5e0.1e6.9e1e0e29e11:07 AMe09:20 PMe07:16 AMe04:21 PMe-11e-8e-4e-8e13e86e59e0.0e1025e-4e10e44e9
15e2018-12-12 21:00:00e0e-5e0.1e6.9e1e0e29e11:07 AMe09:20 PMe07:16 AMe04:21 PMe-13e-8e-5e-8e9e73e52e0.0e1026e-5e10e40e6
16e2018-12-13 00:00:00e-3e-7e0.2e3.4e2e0e36e11:38 AMe10:19 PMe07:17 AMe04:21 PMe-17e-7e-6e-7e4e16e42e0.0e1028e-6e10e60e3
17e2018-12-13 03:00:00e-3e-7e0.2e3.4e2e0e36e11:38 AMe10:19 PMe07:17 AMe04:21 PMe-17e-8e-5e-8e8e62e41e0.0e1029e-5e10e101e5
18e2018-12-13 06:00:00e-3e-7e0.2e3.4e2e0e36e11:38 AMe10:19 PMe07:17 AMe04:21 PMe-18e-10e-7e-10e8e49e42e0.0e1031e-7e10e131e6
19e2018-12-13 09:00:00e-3e-7e0.2e3.4e2e1e36e11:38 AMe10:19 PMe07:17 AMe04:21 PMe-14e-7e-4e-7e9e62e46e0.1e1031e-4e10e129e7
20e2018-12-13 12:00:00e-3e-7e0.2e3.4e2e1e36e11:38 AMe10:19 PMe07:17 AMe04:21 PMe-9e-7e-4e-7e9e100e70e0.0e1032e-4e10e148e7
21e2018-12-13 15:00:00e-3e-7e0.2e3.4e2e1e36e11:38 AMe10:19 PMe07:17 AMe04:21 PMe-7e-6e-3e-6e11e92e75e0.2e1032e-3e5e141e8
22e2018-12-13 18:00:00e-3e-7e0.2e3.4e2e0e36e11:38 AMe10:19 PMe07:17 AMe04:21 PMe-7e-6e-4e-6e7e82e82e0.0e1034e-4e10e120e4
23e2018-12-13 21:00:00e-3e-7e0.2e3.4e2e0e36e11:38 AMe10:19 PMe07:17 AMe04:21 PMe-6e-5e-3e-5e6e88e82e0.0e1034e-3e10e134e4
24e2018-12-14 00:00:00e4e-3e0.0e3.4e1e0e43e12:06 PMe11:18 PMe07:18 AMe04:22 PMe-5e-6e-3e-6e12e95e85e0.0e1033e-3e10e154e7
25e2018-12-14 03:00:00e4e-3e0.0e3.4e1e0e43e12:06 PMe11:18 PMe07:18 AMe04:22 PMe-4e-4e-3e-4e9e75e90e0.0e1032e-3e10e146e5
26e2018-12-14 06:00:00e4e-3e0.0e3.4e1e0e43e12:06 PMe11:18 PMe07:18 AMe04:22 PMe-3e-6e-2e-6e16e60e94e0.0e1032e-2e10e161e8
27e2018-12-14 09:00:00e4e-3e0.0e3.4e1e1e43e12:06 PMe11:18 PMe07:18 AMe04:22 PMe0e-1e2e-1e19e76e85e0.0e1031e2e10e173e13
28e2018-12-14 12:00:00e4e-3e0.0e3.4e1e1e43e12:06 PMe11:18 PMe07:18 AMe04:22 PMe1e0e4e0e25e100e83e0.0e1028e4e10e179e16
29e2018-12-14 15:00:00e4e-3e0.0e3.4e1e1e43e12:06 PMe11:18 PMe07:18 AMe04:22 PMe2e0e3e0e21e71e91e0.0e1026e3e10e167e12
30e2018-12-14 18:00:00e4e-3e0.0e3.4e1e0e43e12:06 PMe11:18 PMe07:18 AMe04:22 PMe2e0e3e0e24e57e94e0.0e1025e3e10e175e12
31e2018-12-14 21:00:00e4e-3e0.0e3.4e1e0e43e12:06 PMe11:18 PMe07:18 AMe04:22 PMe2e1e3e1e18e56e95e0.0e1024e3e2e190e9
32e2018-12-15 00:00:00e6e0e0.0e6.9e2e0e51e12:32 PMe"No moonset"e07:18 AMe04:22 PMe2e1e3e1e18e37e93e0.0e1022e3e10e189e9
33e2018-12-15 03:00:00e6e0e0.0e6.9e2e0e51e12:32 PMe"No moonset"e07:18 AMe04:22 PMe1e1e2e1e11e18e92e0.0e1022e2e10e204e5
34e2018-12-15 06:00:00e6e0e0.0e6.9e2e0e51e12:32 PMe"No moonset"e07:18 AMe04:22 PMe1e3e3e3e5e37e93e0.0e1023e2e10e141e2
35e2018-12-15 09:00:00e6e0e0.0e6.9e2e2e51e12:32 PMe"No moonset"e07:18 AMe04:22 PMe3e5e5e5e3e22e89e0.0e1023e5e10e310e2
36e2018-12-15 12:00:00e6e0e0.0e6.9e2e2e51e12:32 PMe"No moonset"e07:18 AMe04:22 PMe3e6e6e6e5e100e85e0.0e1022e6e10e340e3
37e2018-12-15 15:00:00e6e0e0.0e6.9e2e2e51e12:32 PMe"No moonset"e07:18 AMe04:22 PMe2e1e3e1e12e12e92e0.0e1023e3e10e3e6
38e2018-12-15 18:00:00e6e0e0.0e6.9e2e0e51e12:32 PMe"No moonset"e07:18 AMe04:22 PMe1e0e2e0e16e12e92e0.0e1023e2e10e21e8
39e2018-12-15 21:00:00e6e0e0.0e6.9e2e0e51e12:32 PMe"No moonset"e07:18 AMe04:22 PMe-1e-2e0e-2e13e3e93e0.0e1024e0e10e24e6
40e2018-12-16 00:00:00e0e-2e0.0e3.4e2e0e58e12:59 PMe12:18 AMe07:19 AMe04:22 PMe-2e-3e-1e-3e13e3e91e0.0e1023e-1e10e36e6
41e2018-12-16 03:00:00e0e-2e0.0e3.4e2e0e58e12:59 PMe12:18 AMe07:19 AMe04:22 PMe-3e-4e-2e-4e12e11e90e0.0e1022e-2e10e43e6
42e2018-12-16 06:00:00e0e-2e0.0e3.4e2e0e58e12:59 PMe12:18 AMe07:19 AMe04:22 PMe-3e-2e-1e-2e7e87e85e0.0e1022e-1e10e24e4
43e2018-12-16 09:00:00e0e-2e0.0e3.4e2e1e58e12:59 PMe12:18 AMe07:19 AMe04:22 PMe-2e-2e0e-2e9e95e85e0.9e1020e0e9e36e6
44e2018-12-16 12:00:00e0e-2e0.0e3.4e2e1e58e12:59 PMe12:18 AMe07:19 AMe04:22 PMe-1e-2e1e-2e9e100e90e0.0e1017e0e10e11e6
45e2018-12-16 15:00:00e0e-2e0.0e3.4e2e1e58e12:59 PMe12:18 AMe07:19 AMe04:22 PMe0e-2e0e-2e11e100e94e3.4e1015e0e6e10e7
46e2018-12-16 18:00:00e0e-2e0.0e3.4e2e0e58e12:59 PMe12:18 AMe07:19 AMe04:22 PMe-1e-4e0e-4e18e100e95e0.0e1014e0e2e4e12
47e2018-12-16 21:00:00e0e-2e0.0e3.4e2e0e58e12:59 PMe12:18 AMe07:19 AMe04:22 PMe0e-2e0e-2e11e100e97e7.8e1012e0e6e14e7
48e2018-12-17 00:00:00e2e-2e0.3e5.2e1e0e65e01:25 PMe01:20 AMe07:20 AMe04:23 PMe-1e-2e0e-2e12e100e95e0.0e1010e0e2e349e8
49e2018-12-17 03:00:00e2e-2e0.3e5.2e1e0e65e01:25 PMe01:20 AMe07:20 AMe04:23 PMe-1e0e0e0e5e100e96e0.5e1009e0e9e317e3
50e2018-12-17 06:00:00e2e-2e0.3e5.2e1e0e65e01:25 PMe01:20 AMe07:20 AMe04:23 PMe-2e-3e-2e-3e7e86e95e0.0e1008e-2e2e249e4
51e2018-12-17 09:00:00e2e-2e0.3e5.2e1e1e65e01:25 PMe01:20 AMe07:20 AMe04:23 PMe1e-1e1e-1e12e56e95e0.0e1005e1e2e278e9
52e2018-12-17 12:00:00e2e-2e0.3e5.2e1e1e65e01:25 PMe01:20 AMe07:20 AMe04:23 PMe1e-2e2e-2e22e80e90e0.0e1004e2e10e269e15
53e2018-12-17 15:00:00e2e-2e0.3e5.2e1e1e65e01:25 PMe01:20 AMe07:20 AMe04:23 PMe-2e-4e1e-4e28e85e80e0.2e1004e1e7e295e18
54e2018-12-17 18:00:00e2e-2e0.3e5.2e1e0e65e01:25 PMe01:20 AMe07:20 AMe04:23 PMe-3e-4e-1e-4e17e71e86e0.0e1006e-1e10e292e9
55e2018-12-17 21:00:00e2e-2e0.3e5.2e1e0e65e01:25 PMe01:20 AMe07:20 AMe04:23 PMe-6e-8e-2e-8e33e100e75e0.1e1007e-2e5e309e22
56e2018-12-18 00:00:00e-5e-9e0.0e8.7e1e0e72e01:54 PMe02:24 AMe07:20 AMe04:23 PMe-9e-12e-5e-12e29e100e74e0.0e1010e-5e10e313e20
57e2018-12-18 03:00:00e-5e-9e0.0e8.7e1e0e72e01:54 PMe02:24 AMe07:20 AMe04:23 PMe-11e-14e-7e-14e35e95e69e0.1e1013e-7e10e315e23
58e2018-12-18 06:00:00e-5e-9e0.0e8.7e1e0e72e01:54 PMe02:24 AMe07:20 AMe04:23 PMe-12e-16e-9e-16e28e54e73e0.0e1016e-9e10e316e18
59e2018-12-18 09:00:00e-5e-9e0.0e8.7e1e2e72e01:54 PMe02:24 AMe07:20 AMe04:23 PMe-12e-15e-7e-15e31e5e65e0.0e1018e-7e10e321e24
60e2018-12-18 12:00:00e-5e-9e0.0e8.7e1e2e72e01:54 PMe02:24 AMe07:20 AMe04:23 PMe-11e-11e-5e-11e22e3e64e0.0e1018e-5e10e311e18
61e2018-12-18 15:00:00e-5e-9e0.0e8.7e1e2e72e01:54 PMe02:24 AMe07:20 AMe04:23 PMe-10e-12e-6e-12e23e2e71e0.0e1020e-6e10e304e15
62e2018-12-18 18:00:00e-5e-9e0.0e8.7e1e0e72e01:54 PMe02:24 AMe07:20 AMe04:23 PMe-11e-13e-8e-13e18e16e76e0.0e1022e-7e10e305e11
63e2018-12-18 21:00:00e-5e-9e0.0e8.7e1e0e72e01:54 PMe02:24 AMe07:20 AMe04:23 PMe-12e-13e-8e-13e16e3e77e0.0e1022e-8e10e291e9
64e2018-12-19 00:00:00e0e-9e0.0e6.9e2e0e80e02:25 PMe03:31 AMe07:21 AMe04:23 PMe-11e-11e-9e-11e8e6e84e0.0e1021e-9e10e315e5
65e2018-12-19 03:00:00e0e-9e0.0e6.9e2e0e80e02:25 PMe03:31 AMe07:21 AMe04:23 PMe-10e-10e-9e-10e6e6e86e0.0e1021e-9e10e277e3
66e2018-12-19 06:00:00e0e-9e0.0e6.9e2e0e80e02:25 PMe03:31 AMe07:21 AMe04:23 PMe-10e-8e-8e-8e5e8e89e0.0e1022e-9e10e154e3
67e2018-12-19 09:00:00e0e-9e0.0e6.9e2e2e80e02:25 PMe03:31 AMe07:21 AMe04:23 PMe-8e-4e-4e-4e3e32e73e0.0e1020e-4e10e206e3
68e2018-12-19 12:00:00e0e-9e0.0e6.9e2e1e80e02:25 PMe03:31 AMe07:21 AMe04:23 PMe-6e-1e0e-1e5e92e61e0.0e1018e0e10e176e4
69e2018-12-19 15:00:00e0e-9e0.0e6.9e2e2e80e02:25 PMe03:31 AMe07:21 AMe04:23 PMe-6e-3e-2e-3e10e6e72e0.0e1018e-2e10e143e5
70e2018-12-19 18:00:00e0e-9e0.0e6.9e2e0e80e02:25 PMe03:31 AMe07:21 AMe04:23 PMe-7e-5e-2e-5e15e6e68e0.0e1019e-2e10e165e7
71e2018-12-19 21:00:00e0e-9e0.0e6.9e2e0e80e02:25 PMe03:31 AMe07:21 AMe04:23 PMe-7e-4e-3e-4e8e10e71e0.0e1019e-3e10e158e4
72e2018-12-20 00:00:00e5e-3e0.0e8.7e2e0e87e03:02 PMe04:39 AMe07:22 AMe04:24 PMe-7e-4e-2e-4e9e4e73e0.0e1019e-3e10e159e4
73e2018-12-20 03:00:00e5e-3e0.0e8.7e2e0e87e03:02 PMe04:39 AMe07:22 AMe04:24 PMe-6e-3e-2e-3e7e3e75e0.0e1019e-3e10e155e3
74e2018-12-20 06:00:00e5e-3e0.0e8.7e2e0e87e03:02 PMe04:39 AMe07:22 AMe04:24 PMe-7e-6e-3e-6e11e5e76e0.0e1019e-3e10e150e5
75e2018-12-20 09:00:00e5e-3e0.0e8.7e2e2e87e03:02 PMe04:39 AMe07:22 AMe04:24 PMe-3e1e2e1e5e1e70e0.0e1019e1e10e154e4
76e2018-12-20 12:00:00e5e-3e0.0e8.7e2e2e87e03:02 PMe04:39 AMe07:22 AMe04:24 PMe0e3e5e3e9e3e72e0.0e1017e5e10e143e6
77e2018-12-20 15:00:00e5e-3e0.0e8.7e2e2e87e03:02 PMe04:39 AMe07:22 AMe04:24 PMe0e1e2e1e11e47e83e0.0e1017e2e10e128e5
78e2018-12-20 18:00:00e5e-3e0.0e8.7e2e0e87e03:02 PMe04:39 AMe07:22 AMe04:24 PMe0e0e3e0e17e100e84e0.0e1016e2e10e150e8
79e2018-12-20 21:00:00e5e-3e0.0e8.7e2e0e87e03:02 PMe04:39 AMe07:22 AMe04:24 PMe2e1e2e1e12e100e95e3.9e1014e2e7e106e6
80e2018-12-21 00:00:00e13e3e0.0e5.2e2e0e94e03:47 PMe05:51 AMe07:22 AMe04:24 PMe2e2e3e2e12e100e95e0.0e1010e3e2e86e6
81e2018-12-21 03:00:00e13e3e0.0e5.2e2e0e94e03:47 PMe05:51 AMe07:22 AMe04:24 PMe6e4e7e4e32e100e94e0.9e1005e7e9e117e16
82e2018-12-21 06:00:00e13e3e0.0e5.2e2e0e94e03:47 PMe05:51 AMe07:22 AMe04:24 PMe8e7e10e7e30e100e92e6.8e1000e9e7e128e14
83e2018-12-21 09:00:00e13e3e0.0e5.2e2e3e94e03:47 PMe05:51 AMe07:22 AMe04:24 PMe11e13e13e13e35e100e85e5.7e998e13e7e141e17
84e2018-12-21 12:00:00e13e3e0.0e5.2e2e3e94e03:47 PMe05:51 AMe07:22 AMe04:24 PMe10e9e10e9e20e100e98e0.0e995e10e0e118e9
85e2018-12-21 15:00:00e13e3e0.0e5.2e2e2e94e03:47 PMe05:51 AMe07:22 AMe04:24 PMe9e9e10e9e14e55e97e1.7e993e10e9e134e7
86e2018-12-21 18:00:00e13e3e0.0e5.2e2e0e94e03:47 PMe05:51 AMe07:22 AMe04:24 PMe10e9e11e9e27e68e96e0.0e991e10e10e141e13
87e2018-12-21 21:00:00e13e3e0.0e5.2e2e0e94e03:47 PMe05:51 AMe07:22 AMe04:24 PMe11e10e12e10e25e84e94e0.3e990e12e10e149e13
88e2018-12-22 00:00:00e11e0e0.5e3.4e1e0e100e04:39 PMe07:00 AMe07:23 AMe04:25 PMe10e9e11e9e25e100e95e0.0e988e11e10e164e14
89e2018-12-22 03:00:00e11e0e0.5e3.4e1e0e100e04:39 PMe07:00 AMe07:23 AMe04:25 PMe9e8e9e8e12e78e96e3.9e989e9e7e196e7
90e2018-12-22 06:00:00e11e0e0.5e3.4e1e0e100e04:39 PMe07:00 AMe07:23 AMe04:25 PMe-2e-3e2e-3e26e95e75e0.0e992e2e10e291e20
91e2018-12-22 09:00:00e11e0e0.5e3.4e1e1e100e04:39 PMe07:00 AMe07:23 AMe04:25 PMe-3e-4e1e-4e28e94e73e0.6e997e1e2e289e21
92e2018-12-22 12:00:00e11e0e0.5e3.4e1e1e100e04:39 PMe07:00 AMe07:23 AMe04:25 PMe-4e-4e1e-4e25e100e68e0.0e1000e1e10e287e22
93e2018-12-22 15:00:00e11e0e0.5e3.4e1e1e100e04:39 PMe07:00 AMe07:23 AMe04:25 PMe-5e-6e0e-6e33e93e70e0.0e1005e0e10e289e24
94e2018-12-22 18:00:00e11e0e0.5e3.4e1e0e100e04:39 PMe07:00 AMe07:23 AMe04:25 PMe-4e-5e0e-5e25e100e72e0.0e1010e0e10e297e18
95e2018-12-22 21:00:00e11e0e0.5e3.4e1e0e100e04:39 PMe07:00 AMe07:23 AMe04:25 PMe-6e-6e0e-6e30e17e67e0.0e1012e0e10e292e21
96e2018-12-23 00:00:00e1e-3e0.0e8.7e2e0e100e05:42 PMe08:06 AMe07:23 AMe04:25 PMe-6e-6e-1e-6e20e28e68e0.0e1015e-1e10e303e13
97e2018-12-23 03:00:00e1e-3e0.0e8.7e2e0e100e05:42 PMe08:06 AMe07:23 AMe04:25 PMe-7e-7e-2e-7e24e7e66e0.0e1018e-2e10e304e16
98e2018-12-23 06:00:00e1e-3e0.0e8.7e2e0e100e05:42 PMe08:06 AMe07:23 AMe04:25 PMe-8e-7e-3e-7e17e14e67e0.0e1020e-3e10e311e12
99e2018-12-23 09:00:00e1e-3e0.0e8.7e2e2e100e05:42 PMe08:06 AMe07:23 AMe04:25 PMe-8e-5e-1e-5e17e4e57e0.0e1020e-1e10e290e14
100e2018-12-23 12:00:00e1e-3e0.0e8.7e2e2e100e05:42 PMe08:06 AMe07:23 AMe04:25 PMe-8e-3e1e-3e13e2e53e0.0e1020e1e10e301e12
101e2018-12-23 15:00:00e1e-3e0.0e8.7e2e2e100e05:42 PMe08:06 AMe07:23 AMe04:25 PMe-6e-1e0e-1e5e0e62e0.0e1020e-1e10e296e4
102e2018-12-23 18:00:00e1e-3e0.0e8.7e2e0e100e05:42 PMe08:06 AMe07:23 AMe04:25 PMe-6e-2e-2e-2e3e12e74e0.0e1020e-3e10e88e2
103e2018-12-23 21:00:00e1e-3e0.0e8.7e2e0e100e05:42 PMe08:06 AMe07:23 AMe04:25 PMe-6e-2e-2e-2e4e100e73e0.0e1020e-2e10e136e3
104e2018-12-24 00:00:00e2e-8e0.8e5.2e1e0e84e06:51 PMe09:04 AMe07:24 AMe04:26 PMe-6e-4e-2e-4e8e100e73e0.0e1019e-2e10e151e5
105e2018-12-24 03:00:00e2e-8e0.8e5.2e1e0e84e06:51 PMe09:04 AMe07:24 AMe04:26 PMe-5e-4e-2e-4e6e100e80e0.3e1018e-2e2e138e4
106e2018-12-24 06:00:00e2e-8e0.8e5.2e1e0e84e06:51 PMe09:04 AMe07:24 AMe04:26 PMe-4e-3e-2e-3e6e100e85e0.0e1017e-2e10e177e4
107e2018-12-24 09:00:00e2e-8e0.8e5.2e1e1e84e06:51 PMe09:04 AMe07:24 AMe04:26 PMe-3e-2e0e-2e7e100e83e0.6e1017e0e2e224e5
108e2018-12-24 12:00:00e2e-8e0.8e5.2e1e1e84e06:51 PMe09:04 AMe07:24 AMe04:26 PMe-4e-1e2e-1e13e83e65e0.0e1015e2e10e269e10
109e2018-12-24 15:00:00e2e-8e0.8e5.2e1e2e84e06:51 PMe09:04 AMe07:24 AMe04:26 PMe-4e-2e1e-2e15e36e69e0.0e1016e1e10e270e9
110e2018-12-24 18:00:00e2e-8e0.8e5.2e1e0e84e06:51 PMe09:04 AMe07:24 AMe04:26 PMe-4e-4e-1e-4e14e74e81e0.0e1017e-1e10e272e8
111e2018-12-24 21:00:00e2e-8e0.8e5.2e1e0e84e06:51 PMe09:04 AMe07:24 AMe04:26 PMe-4e-8e-5e-8e19e91e73e0.0e1019e-8e9e280e7
112e2018-12-25 00:00:00e-1e-5e0.0e8.7e1e0e77e08:05 PMe09:54 AMe07:24 AMe04:27 PMe-3e-5e-1e-5e18e75e84e0.0e1020e-1e10e305e11
113e2018-12-25 03:00:00e-1e-5e0.0e8.7e1e0e77e08:05 PMe09:54 AMe07:24 AMe04:27 PMe-6e-7e-3e-7e20e31e75e0.0e1022e-2e10e303e13
114e2018-12-25 06:00:00e-1e-5e0.0e8.7e1e0e77e08:05 PMe09:54 AMe07:24 AMe04:27 PMe-8e-8e-4e-8e16e5e69e0.0e1024e-4e10e304e10
115e2018-12-25 09:00:00e-1e-5e0.0e8.7e1e2e77e08:05 PMe09:54 AMe07:24 AMe04:27 PMe-12e-7e-2e-7e16e3e47e0.0e1026e-2e10e307e13
116e2018-12-25 12:00:00e-1e-5e0.0e8.7e1e2e77e08:05 PMe09:54 AMe07:24 AMe04:27 PMe-14e-5e-1e-5e13e14e35e0.0e1025e-1e10e306e12
117e2018-12-25 15:00:00e-1e-5e0.0e8.7e1e2e77e08:05 PMe09:54 AMe07:24 AMe04:27 PMe-13e-6e-2e-6e13e2e43e0.0e1026e-2e10e301e9
118e2018-12-25 18:00:00e-1e-5e0.0e8.7e1e0e77e08:05 PMe09:54 AMe07:24 AMe04:27 PMe-10e-8e-4e-8e15e6e63e0.0e1028e-4e10e293e9
119e2018-12-25 21:00:00e-1e-5e0.0e8.7e1e0e77e08:05 PMe09:54 AMe07:24 AMe04:27 PMe-10e-8e-5e-8e10e23e65e0.0e1028e-5e10e290e6
120e2018-12-26 00:00:00e0e-6e0.0e5.2e2e0e69e09:19 PMe10:36 AMe07:24 AMe04:27 PMe-12e-9e-5e-9e13e17e61e0.0e1029e-5e10e287e8
121e2018-12-26 03:00:00e0e-6e0.0e5.2e2e0e69e09:19 PMe10:36 AMe07:24 AMe04:27 PMe-12e-8e-6e-8e8e32e61e0.0e1029e-6e10e280e5
122e2018-12-26 06:00:00e0e-6e0.0e5.2e2e0e69e09:19 PMe10:36 AMe07:24 AMe04:27 PMe-12e-8e-6e-8e6e25e64e0.0e1031e-6e10e213e4
123e2018-12-26 09:00:00e0e-6e0.0e5.2e2e2e69e09:19 PMe10:36 AMe07:24 AMe04:27 PMe-9e-4e-3e-4e5e60e60e0.0e1031e-3e10e248e4
124e2018-12-26 12:00:00e0e-6e0.0e5.2e2e1e69e09:19 PMe10:36 AMe07:24 AMe04:27 PMe-6e-2e0e-2e8e100e65e0.0e1030e0e10e258e6
125e2018-12-26 15:00:00e0e-6e0.0e5.2e2e1e69e09:19 PMe10:36 AMe07:24 AMe04:27 PMe-5e-3e-1e-3e9e63e74e0.0e1030e-1e10e271e6
126e2018-12-26 18:00:00e0e-6e0.0e5.2e2e0e69e09:19 PMe10:36 AMe07:24 AMe04:27 PMe-5e-4e-3e-4e8e100e85e0.0e1031e-3e10e198e4
127e2018-12-26 21:00:00e0e-6e0.0e5.2e2e0e69e09:19 PMe10:36 AMe07:24 AMe04:27 PMe-4e-4e-2e-4e11e83e83e0.0e1031e-2e10e252e6
128e2018-12-27 00:00:00e-1e-5e0.0e6.9e2e0e62e10:31 PMe11:13 AMe07:25 AMe04:28 PMe-4e-5e-1e-5e19e36e83e0.0e1033e-1e10e316e11
129e2018-12-27 03:00:00e-1e-5e0.0e6.9e2e0e62e10:31 PMe11:13 AMe07:25 AMe04:28 PMe-7e-7e-4e-7e14e5e78e0.0e1035e-4e10e329e8
130e2018-12-27 06:00:00e-1e-5e0.0e6.9e2e0e62e10:31 PMe11:13 AMe07:25 AMe04:28 PMe-9e-8e-5e-8e10e5e79e0.0e1038e-5e10e2e6
131e2018-12-27 09:00:00e-1e-5e0.0e6.9e2e2e62e10:31 PMe11:13 AMe07:25 AMe04:28 PMe-11e-6e-4e-6e8e8e58e0.0e1038e-4e10e23e6
132e2018-12-27 12:00:00e-1e-5e0.0e6.9e2e2e62e10:31 PMe11:13 AMe07:25 AMe04:28 PMe-12e-1e-1e-1e3e47e43e0.0e1037e-1e10e29e3
133e2018-12-27 15:00:00e-1e-5e0.0e6.9e2e1e62e10:31 PMe11:13 AMe07:25 AMe04:28 PMe-12e-3e-2e-3e6e85e48e0.0e1036e-2e10e69e4
134e2018-12-27 18:00:00e-1e-5e0.0e6.9e2e0e62e10:31 PMe11:13 AMe07:25 AMe04:28 PMe-12e-4e-3e-4e5e99e51e0.0e1035e-3e10e74e3
135e2018-12-27 21:00:00e-1e-5e0.0e6.9e2e0e62e10:31 PMe11:13 AMe07:25 AMe04:28 PMe-11e-6e-2e-6e20e45e49e0.0e1033e-2e10e138e12
136e2018-12-28 00:00:00e7e-1e0.0e3.4e1e0e55e11:42 PMe11:44 AMe07:25 AMe04:29 PMe-8e-6e-1e-6e30e88e59e0.0e1029e-1e10e156e19
137e2018-12-28 03:00:00e7e-1e0.0e3.4e1e0e55e11:42 PMe11:44 AMe07:25 AMe04:29 PMe-1e-4e1e-4e31e100e86e2.3e1026e1e9e156e20
138e2018-12-28 06:00:00e7e-1e0.0e3.4e1e0e55e11:42 PMe11:44 AMe07:25 AMe04:29 PMe0e-3e2e-3e41e100e88e0.0e1022e2e10e166e25
139e2018-12-28 09:00:00e7e-1e0.0e3.4e1e2e55e11:42 PMe11:44 AMe07:25 AMe04:29 PMe5e3e6e3e29e100e92e4.4e1018e6e7e174e16
140e2018-12-28 12:00:00e7e-1e0.0e3.4e1e2e55e11:42 PMe11:44 AMe07:25 AMe04:29 PMe5e4e6e4e26e100e94e0.0e1013e6e10e169e14
141e2018-12-28 15:00:00e7e-1e0.0e3.4e1e2e55e11:42 PMe11:44 AMe07:25 AMe04:29 PMe6e5e7e5e19e91e97e2.5e1011e7e9e175e9
142e2018-12-28 18:00:00e7e-1e0.0e3.4e1e0e55e11:42 PMe11:44 AMe07:25 AMe04:29 PMe6e5e7e5e21e68e96e0.0e1009e7e2e158e10
143e2018-12-28 21:00:00e7e-1e0.0e3.4e1e0e55e11:42 PMe11:44 AMe07:25 AMe04:29 PMe6e5e6e5e16e73e97e0.0e1009e6e2e195e8
144e2018-12-29 00:00:00e6e-4e0.0e5.2e1e0e48e"No moonrise"e12:14 PMe07:25 AMe04:29 PMe6e5e6e5e19e50e97e0.0e1008e6e2e174e9
145e2018-12-29 03:00:00e6e-4e0.0e5.2e1e0e48e"No moonrise"e12:14 PMe07:25 AMe04:29 PMe5e4e7e4e19e50e93e0.1e1010e6e10e247e10
146e2018-12-29 06:00:00e6e-4e0.0e5.2e1e0e48e"No moonrise"e12:14 PMe07:25 AMe04:29 PMe-1e1e2e1e11e30e80e0.0e1013e2e10e296e6
147e2018-12-29 09:00:00e6e-4e0.0e5.2e1e2e48e"No moonrise"e12:14 PMe07:25 AMe04:29 PMe0e0e4e0e25e59e73e0.0e1015e4e10e281e19
148e2018-12-29 12:00:00e6e-4e0.0e5.2e1e1e48e"No moonrise"e12:14 PMe07:25 AMe04:29 PMe-1e-1e3e-1e29e100e72e0.0e1016e3e10e292e21
149e2018-12-29 15:00:00e6e-4e0.0e5.2e1e1e48e"No moonrise"e12:14 PMe07:25 AMe04:29 PMe-4e-4e1e-4e25e74e70e0.0e1019e1e10e297e17
150e2018-12-29 18:00:00e6e-4e0.0e5.2e1e0e48e"No moonrise"e12:14 PMe07:25 AMe04:29 PMe-6e-6e-2e-6e22e21e72e0.0e1022e-2e10e305e15
151e2018-12-29 21:00:00e6e-4e0.0e5.2e1e0e48e"No moonrise"e12:14 PMe07:25 AMe04:29 PMe-9e-9e-4e-9e20e0e69e0.0e1023e-4e10e304e13
152e2018-12-30 00:00:00e-1e-5e0.0e3.4e2e0e40e12:49 AMe12:42 PMe07:25 AMe04:30 PMe-10e-8e-5e-8e9e32e67e0.0e1023e-5e10e336e6
153e2018-12-30 03:00:00e-1e-5e0.0e3.4e2e0e40e12:49 AMe12:42 PMe07:25 AMe04:30 PMe-11e-6e-4e-6e5e45e60e0.0e1023e-4e10e324e4
154e2018-12-30 06:00:00e-1e-5e0.0e3.4e2e0e40e12:49 AMe12:42 PMe07:25 AMe04:30 PMe-10e-5e-5e-5e1e81e65e0.0e1024e-5e10e49e1
155e2018-12-30 09:00:00e-1e-5e0.0e3.4e2e1e40e12:49 AMe12:42 PMe07:25 AMe04:30 PMe-9e-4e-3e-4e5e100e64e0.0e1023e-3e10e170e4
156e2018-12-30 12:00:00e-1e-5e0.0e3.4e2e1e40e12:49 AMe12:42 PMe07:25 AMe04:30 PMe-7e-3e-1e-3e7e100e66e0.0e1022e-1e10e157e6
157e2018-12-30 15:00:00e-1e-5e0.0e3.4e2e1e40e12:49 AMe12:42 PMe07:25 AMe04:30 PMe-6e-4e-1e-4e10e86e72e0.0e1022e-1e10e150e7
158e2018-12-30 18:00:00e-1e-5e0.0e3.4e2e0e40e12:49 AMe12:42 PMe07:25 AMe04:30 PMe-5e-5e-2e-5e11e100e83e0.0e1024e-2e10e166e7
159e2018-12-30 21:00:00e-1e-5e0.0e3.4e2e0e40e12:49 AMe12:42 PMe07:25 AMe04:30 PMe-4e-4e-2e-4e12e46e86e0.0e1024e-2e10e167e7
160e2018-12-31 00:00:00e3e-6e0.0e5.2e2e0e36e01:56 AMe01:12 PMe07:25 AMe04:31 PMe-3e-5e-2e-5e12e5e91e0.0e1025e-2e10e171e6
161e2018-12-31 03:00:00e3e-6e0.0e5.2e2e0e36e01:56 AMe01:12 PMe07:25 AMe04:31 PMe-4e-5e-2e-5e12e6e90e0.0e1026e-2e10e154e6
162e2018-12-31 06:00:00e3e-6e0.0e5.2e2e0e36e01:56 AMe01:12 PMe07:25 AMe04:31 PMe-4e-6e-2e-6e17e27e87e0.0e1027e-2e10e158e9
163e2018-12-31 09:00:00e3e-6e0.0e5.2e2e1e36e01:56 AMe01:12 PMe07:25 AMe04:31 PMe-3e-2e1e-2e14e83e77e0.0e1027e1e10e164e10
164e2018-12-31 12:00:00e3e-6e0.0e5.2e2e2e36e01:56 AMe01:12 PMe07:25 AMe04:31 PMe-1e0e3e0e19e58e72e0.0e1024e3e10e174e14
165e2018-12-31 15:00:00e3e-6e0.0e5.2e2e1e36e01:56 AMe01:12 PMe07:25 AMe04:31 PMe0e-1e2e-1e20e80e84e0.0e1023e2e10e154e13
166e2018-12-31 18:00:00e3e-6e0.0e5.2e2e0e36e01:56 AMe01:12 PMe07:25 AMe04:31 PMe0e-2e2e-2e24e100e90e2.3e1020e2e9e148e15
167e2018-12-31 21:00:00e3e-6e0.0e5.2e2e0e36e01:56 AMe01:12 PMe07:25 AMe04:31 PMe2e-6e-2e-6e38e100e81e3.9e1015e-6e8e152e19
168e2019-01-01 00:00:00e7e4e0.0e5.2e2e0e26e03:01 AMe01:43 PMe07:26 AMe04:32 PMe4e-4e-1e-4e44e100e82e12.6e1008e-4e5e156e20
169e2019-01-01 03:00:00e7e4e0.0e5.2e2e0e26e03:01 AMe01:43 PMe07:26 AMe04:32 PMe5e5e8e5e42e89e86e13.1e1002e7e5e167e18
170e2019-01-01 06:00:00e7e4e0.0e5.2e2e0e26e03:01 AMe01:43 PMe07:26 AMe04:32 PMe5e5e7e5e38e74e89e0.3e1000e7e4e201e12
171e2019-01-01 09:00:00e7e4e0.0e5.2e2e3e26e03:01 AMe01:43 PMe07:26 AMe04:32 PMe5e5e7e5e33e66e87e0.3e1003e6e5e261e12
172e2019-01-01 12:00:00e7e4e0.0e5.2e2e1e26e03:01 AMe01:43 PMe07:26 AMe04:32 PMe3e3e5e3e36e40e83e0.0e1007e5e10e294e13
173e2019-01-01 15:00:00e7e4e0.0e5.2e2e2e26e03:01 AMe01:43 PMe07:26 AMe04:32 PMe2e3e6e3e27e81e75e0.0e1008e5e10e302e15
174e2019-01-01 18:00:00e7e4e0.0e5.2e2e0e26e03:01 AMe01:43 PMe07:26 AMe04:32 PMe2e3e6e3e26e74e80e0.0e1007e5e10e305e8
175e2019-01-01 21:00:00e7e4e0.0e5.2e2e0e26e03:01 AMe01:43 PMe07:26 AMe04:32 PMe0e1e4e1e23e16e76e0.0e1011e4e10e311e10
176e2019-01-02 00:00:00e0e-6e0.0e8.7e2e0e19e04:05 AMe02:16 PMe07:26 AMe04:33 PMe-4e-2e1e-2e17e2e70e0.0e1016e1e10e303e12
177e2019-01-02 03:00:00e0e-6e0.0e8.7e2e0e19e04:05 AMe02:16 PMe07:26 AMe04:33 PMe-10e-7e-3e-7e13e15e62e0.0e1023e-4e10e304e12
178e2019-01-02 06:00:00e0e-6e0.0e8.7e2e0e19e04:05 AMe02:16 PMe07:26 AMe04:33 PMe-12e-8e-6e-8e10e27e64e0.0e1027e-7e10e308e8
179e2019-01-02 09:00:00e0e-6e0.0e8.7e2e2e19e04:05 AMe02:16 PMe07:26 AMe04:33 PMe-12e-6e-4e-6e7e5e59e0.0e1028e-5e10e319e7
180e2019-01-02 12:00:00e0e-6e0.0e8.7e2e2e19e04:05 AMe02:16 PMe07:26 AMe04:33 PMe-12e-6e-2e-6e5e3e44e0.0e1025e-3e10e226e10
181e2019-01-02 15:00:00e0e-6e0.0e8.7e2e2e19e04:05 AMe02:16 PMe07:26 AMe04:33 PMe-11e-4e0e-4e4e6e44e0.0e1022e-1e10e48e13
182e2019-01-02 18:00:00e0e-6e0.0e8.7e2e0e19e04:05 AMe02:16 PMe07:26 AMe04:33 PMe-12e-5e-1e-5e9e19e46e0.0e1024e-2e10e114e12
183e2019-01-02 21:00:00e0e-6e0.0e8.7e2e0e19e04:05 AMe02:16 PMe07:26 AMe04:33 PMe-12e-5e-2e-5e14e64e49e0.0e1024e-3e10e136e8
184e2019-01-03 00:00:00e2e-4e0.2e5.2e2e0e11e05:07 AMe02:55 PMe07:26 AMe04:34 PMe-12e-6e-3e-6e23e83e51e0.0e1024e-4e10e158e5
185e2019-01-03 03:00:00e2e-4e0.2e5.2e2e0e11e05:07 AMe02:55 PMe07:26 AMe04:34 PMe-10e-6e-3e-6e30e64e58e0.1e1021e-4e7e165e7
186e2019-01-03 06:00:00e2e-4e0.2e5.2e2e0e11e05:07 AMe02:55 PMe07:26 AMe04:34 PMe-9e-6e-3e-6e25e87e64e0.2e1018e-4e5e172e9
187e2019-01-03 09:00:00e2e-4e0.2e5.2e2e1e11e05:07 AMe02:55 PMe07:26 AMe04:34 PMe-9e-5e-2e-5e15e96e58e0.1e1019e-3e7e212e8
188e2019-01-03 12:00:00e2e-4e0.2e5.2e2e2e11e05:07 AMe02:55 PMe07:26 AMe04:34 PMe-8e-2e1e-2e21e63e51e0.2e1017e0e5e288e9
189e2019-01-03 15:00:00e2e-4e0.2e5.2e2e1e11e05:07 AMe02:55 PMe07:26 AMe04:34 PMe-7e-1e1e-1e20e34e54e0.0e1016e1e10e291e9
190e2019-01-03 18:00:00e2e-4e0.2e5.2e2e0e11e05:07 AMe02:55 PMe07:26 AMe04:34 PMe-6e-6e-2e-6e19e54e63e0.0e1016e-4e10e280e9
191e2019-01-03 21:00:00e2e-4e0.2e5.2e2e0e11e05:07 AMe02:55 PMe07:26 AMe04:34 PMe-3e-8e-4e-8e19e34e73e0.0e1016e-8e10e270e6
192e2019-01-04 00:00:00e6e0e0.0e8.7e1e0e4e06:05 AMe03:38 PMe07:26 AMe04:35 PMe-3e-8e-4e-8e11e54e75e0.0e1016e-7e10e233e6
193e2019-01-04 03:00:00e6e0e0.0e8.7e1e0e4e06:05 AMe03:38 PMe07:26 AMe04:35 PMe-3e-2e1e-2e13e24e74e0.0e1012e0e10e190e8
194e2019-01-04 06:00:00e6e0e0.0e8.7e1e0e4e06:05 AMe03:38 PMe07:26 AMe04:35 PMe-3e-3e0e-3e16e32e79e0.0e1011e-1e10e170e9
195e2019-01-04 09:00:00e6e0e0.0e8.7e1e2e4e06:05 AMe03:38 PMe07:26 AMe04:35 PMe-4e-2e2e-2e16e7e67e0.0e1014e1e10e163e11
196e2019-01-04 12:00:00e6e0e0.0e8.7e1e2e4e06:05 AMe03:38 PMe07:26 AMe04:35 PMe-3e2e5e2e12e7e58e0.0e1013e4e10e170e10
197e2019-01-04 15:00:00e6e0e0.0e8.7e1e2e4e06:05 AMe03:38 PMe07:26 AMe04:35 PMe-2e3e6e3e10e5e62e0.0e1007e5e10e161e9
198e2019-01-04 18:00:00e6e0e0.0e8.7e1e0e4e06:05 AMe03:38 PMe07:26 AMe04:35 PMe-1e-1e2e-1e12e4e73e0.0e1001e1e10e142e10
199e2019-01-04 21:00:00e6e0e0.0e8.7e1e0e4e06:05 AMe03:38 PMe07:26 AMe04:35 PMe-1e-4e-2e-4e12e3e72e0.0e1010e-4e10e139e7
200e2019-01-05 00:00:00e3e1e0.0e3.4e2e0e0e06:59 AMe04:25 PMe07:26 AMe04:36 PMe-1e-5e-3e-5e13e3e77e0.0e1009e-5e10e141e5
201e2019-01-05 03:00:00e3e1e0.0e3.4e2e0e0e06:59 AMe04:25 PMe07:26 AMe04:36 PMe-1e0e2e0e9e23e81e0.0e1007e1e10e141e5
202e2019-01-05 06:00:00e3e1e0.0e3.4e2e0e0e06:59 AMe04:25 PMe07:26 AMe04:36 PMe-1e0e2e0e6e70e85e0.1e1006e1e8e109e6
203e2019-01-05 09:00:00e3e1e0.0e3.4e2e1e0e06:59 AMe04:25 PMe07:26 AMe04:36 PMe-2e0e2e0e6e73e78e0.3e1006e2e7e158e11
204e2019-01-05 12:00:00e3e1e0.0e3.4e2e1e0e06:59 AMe04:25 PMe07:26 AMe04:36 PMe-2e0e3e0e10e70e72e0.2e1005e3e7e340e13
205e2019-01-05 15:00:00e3e1e0.0e3.4e2e1e0e06:59 AMe04:25 PMe07:26 AMe04:36 PMe-1e1e4e1e11e85e76e0.9e1005e3e4e321e8
206e2019-01-05 18:00:00e3e1e0.0e3.4e2e0e0e06:59 AMe04:25 PMe07:26 AMe04:36 PMe-3e0e3e0e13e75e68e2.1e1010e2e9e310e10
207e2019-01-05 21:00:00e3e1e0.0e3.4e2e0e0e06:59 AMe04:25 PMe07:26 AMe04:36 PMe0e0e3e0e18e64e84e1.4e1004e2e9e307e8
208e2019-01-06 00:00:00e3e2e0.4e3.4e1e0e0e07:48 AMe05:18 PMe07:25 AMe04:37 PMe-1e-1e2e-1e22e59e81e0.0e1006e1e10e289e12
209e2019-01-06 03:00:00e3e2e0.4e3.4e1e0e0e07:48 AMe05:18 PMe07:25 AMe04:37 PMe-1e0e2e0e14e81e81e0.0e1007e1e10e267e8
210e2019-01-06 06:00:00e3e2e0.4e3.4e1e0e0e07:48 AMe05:18 PMe07:25 AMe04:37 PMe-1e0e2e0e10e94e81e0.1e1009e2e7e250e8
211e2019-01-06 09:00:00e3e2e0.4e3.4e1e1e0e07:48 AMe05:18 PMe07:25 AMe04:37 PMe-1e-1e3e-1e22e80e74e0.2e1015e2e3e284e15
212e2019-01-06 12:00:00e3e2e0.4e3.4e1e1e0e07:48 AMe05:18 PMe07:25 AMe04:37 PMe-3e-1e3e-1e26e84e64e0.1e1018e3e5e310e15
213e2019-01-06 15:00:00e3e2e0.4e3.4e1e1e0e07:48 AMe05:18 PMe07:25 AMe04:37 PMe-2e0e4e0e27e89e63e0.2e1019e3e6e315e14
214e2019-01-06 18:00:00e3e2e0.4e3.4e1e0e0e07:48 AMe05:18 PMe07:25 AMe04:37 PMe-6e0e3e0e30e71e59e0.1e1021e2e8e322e15
215e2019-01-06 21:00:00e3e2e0.4e3.4e1e0e0e07:48 AMe05:18 PMe07:25 AMe04:37 PMe-12e-1e2e-1e34e51e48e0.1e1024e-1e10e328e23
216e2019-01-07 00:00:00e-2e-9e0.0e5.2e2e0e3e08:30 AMe06:13 PMe07:25 AMe04:38 PMe-11e-5e-1e-5e32e0e53e0.0e1025e-4e10e330e19
217e2019-01-07 03:00:00e-2e-9e0.0e5.2e2e0e3e08:30 AMe06:13 PMe07:25 AMe04:38 PMe-9e-7e-3e-7e26e4e61e0.0e1025e-4e10e332e10
218e2019-01-07 06:00:00e-2e-9e0.0e5.2e2e0e3e08:30 AMe06:13 PMe07:25 AMe04:38 PMe-12e-10e-5e-10e19e39e56e0.0e1028e-6e10e337e9
219e2019-01-07 09:00:00e-2e-9e0.0e5.2e2e2e3e08:30 AMe06:13 PMe07:25 AMe04:38 PMe-16e-11e-6e-11e13e65e47e0.0e1030e-7e10e341e10
220e2019-01-07 12:00:00e-2e-9e0.0e5.2e2e1e3e08:30 AMe06:13 PMe07:25 AMe04:38 PMe-13e-7e-2e-7e8e30e44e0.0e1028e-3e10e230e11
221e2019-01-07 15:00:00e-2e-9e0.0e5.2e2e2e3e08:30 AMe06:13 PMe07:25 AMe04:38 PMe-14e-4e-1e-4e8e68e38e0.0e1026e-2e10e25e10
222e2019-01-07 18:00:00e-2e-9e0.0e5.2e2e0e3e08:30 AMe06:13 PMe07:25 AMe04:38 PMe-14e-5e-1e-5e8e64e38e0.0e1024e-2e10e92e9
223e2019-01-07 21:00:00e-2e-9e0.0e5.2e2e0e3e08:30 AMe06:13 PMe07:25 AMe04:38 PMe-13e-5e-1e-5e17e72e41e0.0e1025e-2e10e152e13
224e2019-01-08 00:00:00e4e0e0.9e5.2e1e0e10e09:07 AMe07:11 PMe07:25 AMe04:39 PMe-13e-6e-1e-6e30e84e38e0.0e1023e-2e8e154e22
225e2019-01-08 03:00:00e4e0e0.9e5.2e1e0e10e09:07 AMe07:11 PMe07:25 AMe04:39 PMe-10e-6e0e-6e36e100e51e1.0e1021e-1e4e159e23
226e2019-01-08 06:00:00e4e0e0.9e5.2e1e0e10e09:07 AMe07:11 PMe07:25 AMe04:39 PMe-4e-5e1e-5e33e99e72e3.0e1018e0e4e166e21
227e2019-01-08 09:00:00e4e0e0.9e5.2e1e1e10e09:07 AMe07:11 PMe07:25 AMe04:39 PMe-1e-3e2e-3e28e97e78e2.4e1015e1e5e166e17
228e2019-01-08 12:00:00e4e0e0.9e5.2e1e2e10e09:07 AMe07:11 PMe07:25 AMe04:39 PMe-1e-1e2e-1e20e75e81e0.2e1012e2e5e166e13
229e2019-01-08 15:00:00e4e0e0.9e5.2e1e2e10e09:07 AMe07:11 PMe07:25 AMe04:39 PMe1e1e4e1e19e36e81e0.0e1010e3e10e150e12
230e2019-01-08 18:00:00e4e0e0.9e5.2e1e0e10e09:07 AMe07:11 PMe07:25 AMe04:39 PMe-1e-3e0e-3e18e66e83e2.5e1006e-1e8e134e11
231e2019-01-08 21:00:00e4e0e0.9e5.2e1e0e10e09:07 AMe07:11 PMe07:25 AMe04:39 PMe2e-6e-4e-6e17e82e84e5.3e1003e-6e4e140e13
232e2019-01-09 00:00:00e1e-2e0.0e3.4e1e0e18e09:40 AMe08:09 PMe07:25 AMe04:40 PMe2e-6e-4e-6e18e84e85e1.7e999e-5e4e156e11
233e2019-01-09 03:00:00e1e-2e0.0e3.4e1e0e18e09:40 AMe08:09 PMe07:25 AMe04:40 PMe2e2e4e2e15e100e87e3.9e999e3e7e177e9
234e2019-01-09 06:00:00e1e-2e0.0e3.4e1e0e18e09:40 AMe08:09 PMe07:25 AMe04:40 PMe0e-1e2e-1e19e100e88e5.3e1004e1e6e236e7
235e2019-01-09 09:00:00e1e-2e0.0e3.4e1e1e18e09:40 AMe08:09 PMe07:25 AMe04:40 PMe-1e-3e1e-3e33e92e84e5.6e1005e0e6e284e10
236e2019-01-09 12:00:00e1e-2e0.0e3.4e1e1e18e09:40 AMe08:09 PMe07:25 AMe04:40 PMe-3e-5e0e-5e32e85e76e2.0e1007e-1e6e285e16
237e2019-01-09 15:00:00e1e-2e0.0e3.4e1e1e18e09:40 AMe08:09 PMe07:25 AMe04:40 PMe-3e-3e1e-3e32e82e75e1.5e1010e0e3e287e17
238e2019-01-09 18:00:00e1e-2e0.0e3.4e1e0e18e09:40 AMe08:09 PMe07:25 AMe04:40 PMe-5e-6e-2e-6e32e59e71e0.0e1007e-3e10e288e20
239e2019-01-09 21:00:00e1e-2e0.0e3.4e1e0e18e09:40 AMe08:09 PMe07:25 AMe04:40 PMe-5e-7e-5e-7e35e82e63e0.1e1000e-7e10e288e23
240e2019-01-10 00:00:00e-1e-3e1.8e3.4e1e0e25e10:09 AMe09:08 PMe07:25 AMe04:41 PMe-5e-8e-5e-8e32e83e66e0.0e999e-7e8e290e22
241e2019-01-10 03:00:00e-1e-3e1.8e3.4e1e0e25e10:09 AMe09:08 PMe07:25 AMe04:41 PMe-5e-5e0e-5e32e100e69e0.2e1002e-1e4e293e19
242e2019-01-10 06:00:00e-1e-3e1.8e3.4e1e0e25e10:09 AMe09:08 PMe07:25 AMe04:41 PMe-6e-6e-1e-6e34e100e72e0.4e1008e-2e2e300e16
243e2019-01-10 09:00:00e-1e-3e1.8e3.4e1e1e25e10:09 AMe09:08 PMe07:25 AMe04:41 PMe-8e-6e-1e-6e32e100e61e0.5e1006e-2e3e312e23
244e2019-01-10 12:00:00e-1e-3e1.8e3.4e1e1e25e10:09 AMe09:08 PMe07:25 AMe04:41 PMe-10e-9e-2e-9e26e100e54e0.3e1005e-3e4e311e29
245e2019-01-10 15:00:00e-1e-3e1.8e3.4e1e1e25e10:09 AMe09:08 PMe07:25 AMe04:41 PMe-10e-8e-2e-8e26e99e56e0.3e1010e-3e3e306e24
246e2019-01-10 18:00:00e-1e-3e1.8e3.4e1e0e25e10:09 AMe09:08 PMe07:25 AMe04:41 PMe-10e-9e-3e-9e28e92e59e0.2e1017e-4e4e307e17
247e2019-01-10 21:00:00e-1e-3e1.8e3.4e1e0e25e10:09 AMe09:08 PMe07:25 AMe04:41 PMe-13e-12e-5e-12e33e82e55e0.2e1017e-6e5e307e18
248e2019-01-11 00:00:00e-8e-10e0.0e8.7e1e0e32e10:35 AMe10:07 PMe07:24 AMe04:42 PMe-14e-12e-6e-12e32e76e56e0.0e1018e-7e10e307e17
249e2019-01-11 03:00:00e-8e-10e0.0e8.7e1e0e32e10:35 AMe10:07 PMe07:24 AMe04:42 PMe-15e-15e-7e-15e32e60e56e0.1e1018e-8e10e306e21
250e2019-01-11 06:00:00e-8e-10e0.0e8.7e1e0e32e10:35 AMe10:07 PMe07:24 AMe04:42 PMe-18e-17e-10e-17e32e34e54e0.0e1020e-11e10e303e22
251e2019-01-11 09:00:00e-8e-10e0.0e8.7e1e2e32e10:35 AMe10:07 PMe07:24 AMe04:42 PMe-18e-16e-9e-16e28e3e50e0.0e1023e-10e9e302e21
252e2019-01-11 12:00:00e-8e-10e0.0e8.7e1e2e32e10:35 AMe10:07 PMe07:24 AMe04:42 PMe-18e-16e-8e-16e24e5e46e0.0e1024e-9e10e301e21
253e2019-01-11 15:00:00e-8e-10e0.0e8.7e1e2e32e10:35 AMe10:07 PMe07:24 AMe04:42 PMe-17e-14e-7e-14e26e17e46e0.0e1026e-8e10e302e21
254e2019-01-11 18:00:00e-8e-10e0.0e8.7e1e0e32e10:35 AMe10:07 PMe07:24 AMe04:42 PMe-17e-14e-8e-14e27e24e47e0.0e1029e-9e10e306e15
255e2019-01-11 21:00:00e-8e-10e0.0e8.7e1e0e32e10:35 AMe10:07 PMe07:24 AMe04:42 PMe-18e-15e-9e-15e27e3e48e0.0e1029e-10e10e309e13
256e2019-01-12 00:00:00e-6e-12e0.0e6.9e2e0e39e11:01 AMe11:07 PMe07:24 AMe04:43 PMe-19e-16e-10e-16e23e10e47e0.0e1030e-11e10e307e11
257e2019-01-12 03:00:00e-6e-12e0.0e6.9e2e0e39e11:01 AMe11:07 PMe07:24 AMe04:43 PMe-19e-15e-10e-15e19e20e49e0.0e1032e-11e10e303e9
258e2019-01-12 06:00:00e-6e-12e0.0e6.9e2e0e39e11:01 AMe11:07 PMe07:24 AMe04:43 PMe-20e-14e-11e-14e17e21e50e0.0e1034e-12e10e297e8
259e2019-01-12 09:00:00e-6e-12e0.0e6.9e2e2e39e11:01 AMe11:07 PMe07:24 AMe04:43 PMe-19e-12e-10e-12e16e16e46e0.0e1036e-11e10e300e6
260e2019-01-12 12:00:00e-6e-12e0.0e6.9e2e1e39e11:01 AMe11:07 PMe07:24 AMe04:43 PMe-19e-12e-7e-12e15e40e39e0.0e1034e-8e10e299e6
261e2019-01-12 15:00:00e-6e-12e0.0e6.9e2e2e39e11:01 AMe11:07 PMe07:24 AMe04:43 PMe-18e-9e-5e-9e17e69e36e0.0e1033e-6e10e301e5
262e2019-01-12 18:00:00e-6e-12e0.0e6.9e2e0e39e11:01 AMe11:07 PMe07:24 AMe04:43 PMe-18e-8e-5e-8e16e24e40e0.0e1034e-6e10e303e5
263e2019-01-12 21:00:00e-6e-12e0.0e6.9e2e0e39e11:01 AMe11:07 PMe07:24 AMe04:43 PMe-16e-9e-6e-9e14e54e45e0.0e1034e-7e10e304e9
264e2019-01-13 00:00:00e-5e-13e0.0e7.0e2e0e47e11:27 AMe"No moonset"e07:24 AMe04:44 PMe-15e-11e-7e-11e10e67e52e0.0e1035e-8e10e324e8
265e2019-01-13 03:00:00e-5e-13e0.0e7.0e2e0e47e11:27 AMe"No moonset"e07:24 AMe04:44 PMe-16e-16e-10e-16e10e35e59e0.0e1035e-11e10e348e9
266e2019-01-13 06:00:00e-5e-13e0.0e7.0e2e0e47e11:27 AMe"No moonset"e07:24 AMe04:44 PMe-16e-16e-11e-16e11e90e64e0.0e1034e-12e10e237e8
267e2019-01-13 09:00:00e-5e-13e0.0e7.0e2e1e47e11:27 AMe"No moonset"e07:24 AMe04:44 PMe-15e-15e-10e-15e11e87e63e0.0e1034e-11e10e1e9
268e2019-01-13 12:00:00e-5e-13e0.0e7.0e2e2e47e11:27 AMe"No moonset"e07:24 AMe04:44 PMe-12e-9e-5e-9e10e53e58e0.0e1033e-6e10e2e10
269e2019-01-13 15:00:00e-5e-13e0.0e7.0e2e2e47e11:27 AMe"No moonset"e07:24 AMe04:44 PMe-14e-9e-5e-9e11e8e52e0.0e1031e-6e10e1e9
270e2019-01-13 18:00:00e-5e-13e0.0e7.0e2e0e47e11:27 AMe"No moonset"e07:24 AMe04:44 PMe-15e-13e-8e-13e13e5e58e0.0e1030e-9e10e3e8
271e2019-01-13 21:00:00e-5e-13e0.0e7.0e2e0e47e11:27 AMe"No moonset"e07:24 AMe04:44 PMe-14e-14e-9e-14e13e5e66e0.0e1030e-10e10e119e8
272e2019-01-14 00:00:00e-4e-14e0.0e8.7e2e0e54e11:53 AMe12:08 AMe07:23 AMe04:45 PMe-15e-15e-11e-15e8e0e71e0.0e1030e-12e10e346e7
273e2019-01-14 03:00:00e-4e-14e0.0e8.7e2e0e54e11:53 AMe12:08 AMe07:23 AMe04:45 PMe-15e-17e-12e-17e8e2e75e0.0e1029e-13e10e345e5
274e2019-01-14 06:00:00e-4e-14e0.0e8.7e2e0e54e11:53 AMe12:08 AMe07:23 AMe04:45 PMe-16e-15e-12e-15e7e15e74e0.0e1028e-13e10e338e4
275e2019-01-14 09:00:00e-4e-14e0.0e8.7e2e2e54e11:53 AMe12:08 AMe07:23 AMe04:45 PMe-16e-12e-11e-12e6e23e68e0.0e1026e-12e10e331e5
276e2019-01-14 12:00:00e-4e-14e0.0e8.7e2e2e54e11:53 AMe12:08 AMe07:23 AMe04:45 PMe-15e-10e-6e-10e7e8e48e0.0e1024e-7e10e328e7
277e2019-01-14 15:00:00e-4e-14e0.0e8.7e2e2e54e11:53 AMe12:08 AMe07:23 AMe04:45 PMe-14e-7e-3e-7e8e16e42e0.0e1023e-4e10e329e7
278e2019-01-14 18:00:00e-4e-14e0.0e8.7e2e0e54e11:53 AMe12:08 AMe07:23 AMe04:45 PMe-13e-7e-5e-7e6e32e49e0.0e1022e-6e10e321e4
279e2019-01-14 21:00:00e-4e-14e0.0e8.7e2e0e54e11:53 AMe12:08 AMe07:23 AMe04:45 PMe-12e-8e-7e-8e6e49e60e0.0e1021e-9e10e304e4
280e2019-01-15 00:00:00e-2e-10e0.0e3.5e2e0e61e12:22 PMe01:12 AMe07:23 AMe04:46 PMe-12e-11e-9e-11e8e48e63e0.0e1021e-11e10e304e5
281e2019-01-15 03:00:00e-2e-10e0.0e3.5e2e0e61e12:22 PMe01:12 AMe07:23 AMe04:46 PMe-12e-8e-8e-8e9e43e74e0.0e1021e-9e10e296e6
282e2019-01-15 06:00:00e-2e-10e0.0e3.5e2e0e61e12:22 PMe01:12 AMe07:23 AMe04:46 PMe-13e-9e-9e-9e9e52e75e0.0e1021e-10e10e296e7
283e2019-01-15 09:00:00e-2e-10e0.0e3.5e2e2e61e12:22 PMe01:12 AMe07:23 AMe04:46 PMe-12e-7e-6e-7e9e74e68e0.0e1020e-7e10e298e7
284e2019-01-15 12:00:00e-2e-10e0.0e3.5e2e1e61e12:22 PMe01:12 AMe07:23 AMe04:46 PMe-10e-5e-1e-5e8e62e50e0.0e1018e-2e10e300e9
285e2019-01-15 15:00:00e-2e-10e0.0e3.5e2e1e61e12:22 PMe01:12 AMe07:23 AMe04:46 PMe-9e-6e-1e-6e8e75e54e0.0e1018e-2e10e297e12
286e2019-01-15 18:00:00e-2e-10e0.0e3.5e2e0e61e12:22 PMe01:12 AMe07:23 AMe04:46 PMe-8e-6e-2e-6e5e59e63e0.0e1019e-3e10e277e9
287e2019-01-15 21:00:00e-2e-10e0.0e3.5e2e0e61e12:22 PMe01:12 AMe07:23 AMe04:46 PMe-9e-7e-4e-7e4e43e67e0.0e1017e-5e10e222e7
288e2019-01-16 00:00:00e0e-3e0.0e3.5e2e0e69e12:55 PMe02:17 AMe07:22 AMe04:48 PMe-9e-8e-4e-8e8e31e67e0.0e1017e-5e10e173e9
289e2019-01-16 03:00:00e0e-3e0.0e3.5e2e0e69e12:55 PMe02:17 AMe07:22 AMe04:48 PMe-7e-6e-2e-6e10e41e70e0.0e1017e-3e10e164e10
290e2019-01-16 06:00:00e0e-3e0.0e3.5e2e0e69e12:55 PMe02:17 AMe07:22 AMe04:48 PMe-7e-7e-3e-7e12e83e73e0.0e1016e-4e10e178e9
291e2019-01-16 09:00:00e0e-3e0.0e3.5e2e1e69e12:55 PMe02:17 AMe07:22 AMe04:48 PMe-7e-5e-1e-5e16e96e67e0.0e1016e-2e10e206e9
292e2019-01-16 12:00:00e0e-3e0.0e3.5e2e1e69e12:55 PMe02:17 AMe07:22 AMe04:48 PMe-7e-3e1e-3e20e100e57e0.0e1015e0e10e242e12
293e2019-01-16 15:00:00e0e-3e0.0e3.5e2e1e69e12:55 PMe02:17 AMe07:22 AMe04:48 PMe-9e-4e0e-4e23e99e53e0.0e1014e-1e9e276e14
294e2019-01-16 18:00:00e0e-3e0.0e3.5e2e0e69e12:55 PMe02:17 AMe07:22 AMe04:48 PMe-10e-6e-1e-6e26e68e54e0.1e1017e-3e8e290e15
295e2019-01-16 21:00:00e0e-3e0.0e3.5e2e0e69e12:55 PMe02:17 AMe07:22 AMe04:48 PMe-9e-6e-3e-6e27e7e56e0.0e1020e-6e10e300e19
296e2019-01-17 00:00:00e-4e-8e0.0e8.7e2e0e76e01:35 PMe03:26 AMe07:22 AMe04:49 PMe-10e-9e-5e-9e21e2e61e0.0e1020e-8e10e313e17
297e2019-01-17 03:00:00e-4e-8e0.0e8.7e2e0e76e01:35 PMe03:26 AMe07:22 AMe04:49 PMe-13e-12e-6e-12e17e4e58e0.0e1022e-7e10e312e15
298e2019-01-17 06:00:00e-4e-8e0.0e8.7e2e0e76e01:35 PMe03:26 AMe07:22 AMe04:49 PMe-16e-14e-8e-14e14e13e56e0.0e1026e-9e10e312e14
299e2019-01-17 09:00:00e-4e-8e0.0e8.7e2e2e76e01:35 PMe03:26 AMe07:22 AMe04:49 PMe-11e-11e-6e-11e10e23e68e0.0e1027e-7e10e313e12
300e2019-01-17 12:00:00e-4e-8e0.0e8.7e2e2e76e01:35 PMe03:26 AMe07:22 AMe04:49 PMe-11e-9e-4e-9e5e20e59e0.0e1027e-5e10e295e11
301e2019-01-17 15:00:00e-4e-8e0.0e8.7e2e1e76e01:35 PMe03:26 AMe07:22 AMe04:49 PMe-11e-7e-3e-7e4e59e52e0.0e1027e-4e10e214e9
302e2019-01-17 18:00:00e-4e-8e0.0e8.7e2e0e76e01:35 PMe03:26 AMe07:22 AMe04:49 PMe-12e-8e-4e-8e8e79e52e0.0e1027e-5e10e124e6
303e2019-01-17 21:00:00e-4e-8e0.0e8.7e2e0e76e01:35 PMe03:26 AMe07:22 AMe04:49 PMe-13e-10e-7e-10e15e85e52e0.0e1025e-8e10e140e6
304e2019-01-18 00:00:00e2e-3e0.3e3.5e1e0e83e02:21 PMe04:35 AMe07:21 AMe04:50 PMe-12e-11e-8e-11e19e100e52e0.0e1021e-9e10e153e10
305e2019-01-18 03:00:00e2e-3e0.3e3.5e1e0e83e02:21 PMe04:35 AMe07:21 AMe04:50 PMe-9e-7e-3e-7e24e100e64e0.0e1018e-4e8e162e12
306e2019-01-18 06:00:00e2e-3e0.3e3.5e1e0e83e02:21 PMe04:35 AMe07:21 AMe04:50 PMe-6e-6e-2e-6e22e100e77e0.1e1016e-3e5e163e9
307e2019-01-18 09:00:00e2e-3e0.3e3.5e1e1e83e02:21 PMe04:35 AMe07:21 AMe04:50 PMe-5e-5e-1e-5e17e100e80e0.1e1016e-2e7e164e8
308e2019-01-18 12:00:00e2e-3e0.3e3.5e1e1e83e02:21 PMe04:35 AMe07:21 AMe04:50 PMe-4e-3e1e-3e13e100e73e0.1e1015e0e8e170e9
309e2019-01-18 15:00:00e2e-3e0.3e3.5e1e1e83e02:21 PMe04:35 AMe07:21 AMe04:50 PMe-3e-1e3e-1e8e100e69e0.2e1014e2e5e185e10
310e2019-01-18 18:00:00e2e-3e0.3e3.5e1e0e83e02:21 PMe04:35 AMe07:21 AMe04:50 PMe-4e-3e1e-3e8e100e72e0.1e1016e0e7e232e13
311e2019-01-18 21:00:00e2e-3e0.3e3.5e1e0e83e02:21 PMe04:35 AMe07:21 AMe04:50 PMe-6e-5e-2e-5e17e72e70e0.0e1020e-3e10e293e13
312e2019-01-19 00:00:00e-5e-9e3.2e5.2e2e0e90e03:19 PMe05:43 AMe07:21 AMe04:51 PMe-7e-6e-3e-6e14e20e68e0.0e1022e-5e10e309e15
313e2019-01-19 03:00:00e-5e-9e3.2e5.2e2e0e90e03:19 PMe05:43 AMe07:21 AMe04:51 PMe-9e-7e-3e-7e11e25e67e0.0e1024e-4e10e328e14
314e2019-01-19 06:00:00e-5e-9e3.2e5.2e2e0e90e03:19 PMe05:43 AMe07:21 AMe04:51 PMe-12e-11e-6e-11e11e31e65e0.0e1026e-7e10e222e11
315e2019-01-19 09:00:00e-5e-9e3.2e5.2e2e1e90e03:19 PMe05:43 AMe07:21 AMe04:51 PMe-12e-11e-6e-11e14e59e61e0.0e1027e-7e10e19e9
316e2019-01-19 12:00:00e-5e-9e3.2e5.2e2e1e90e03:19 PMe05:43 AMe07:21 AMe04:51 PMe-12e-9e-5e-9e11e80e59e0.0e1028e-6e10e16e11
317e2019-01-19 15:00:00e-5e-9e3.2e5.2e2e1e90e03:19 PMe05:43 AMe07:21 AMe04:51 PMe-13e-10e-5e-10e9e88e54e0.2e1026e-6e7e17e10
318e2019-01-19 18:00:00e-5e-9e3.2e5.2e2e0e90e03:19 PMe05:43 AMe07:21 AMe04:51 PMe-12e-12e-8e-12e10e100e68e1.2e1023e-10e2e30e9
319e2019-01-19 21:00:00e-5e-9e3.2e5.2e2e0e90e03:19 PMe05:43 AMe07:21 AMe04:51 PMe-8e-12e-9e-12e12e100e80e2.4e1022e-12e2e61e10
320e2019-01-20 00:00:00e-7e-10e37.5e3.5e1e0e98e04:25 PMe06:46 AMe07:20 AMe04:53 PMe-8e-15e-11e-15e13e100e85e4.3e1017e-13e2e61e12
321e2019-01-20 03:00:00e-7e-10e37.5e3.5e1e0e98e04:25 PMe06:46 AMe07:20 AMe04:53 PMe-9e-13e-7e-13e17e100e87e8.3e1009e-8e2e76e14
322e2019-01-20 06:00:00e-7e-10e37.5e3.5e1e0e98e04:25 PMe06:46 AMe07:20 AMe04:53 PMe-8e-12e-6e-12e18e100e83e10.7e1004e-7e2e53e14
323e2019-01-20 09:00:00e-7e-10e37.5e3.5e1e1e98e04:25 PMe06:46 AMe07:20 AMe04:53 PMe-9e-14e-7e-14e19e100e89e12.9e998e-8e2e125e13
324e2019-01-20 12:00:00e-7e-10e37.5e3.5e1e1e98e04:25 PMe06:46 AMe07:20 AMe04:53 PMe-9e-14e-7e-14e23e100e82e9.6e997e-8e3e339e20
325e2019-01-20 15:00:00e-7e-10e37.5e3.5e1e1e98e04:25 PMe06:46 AMe07:20 AMe04:53 PMe-12e-17e-9e-17e21e100e80e9.5e999e-10e2e328e22
326e2019-01-20 18:00:00e-7e-10e37.5e3.5e1e0e98e04:25 PMe06:46 AMe07:20 AMe04:53 PMe-14e-19e-10e-19e27e100e75e1.7e1002e-11e2e310e24
327e2019-01-20 21:00:00e-7e-10e37.5e3.5e1e0e98e04:25 PMe06:46 AMe07:20 AMe04:53 PMe-19e-23e-13e-23e38e98e66e1.5e1007e-14e5e317e25
328e2019-01-21 00:00:00e-13e-19e0.6e3.5e1e0e100e05:39 PMe07:41 AMe07:19 AMe04:54 PMe-23e-25e-15e-25e37e96e54e0.0e1007e-16e10e308e21
329e2019-01-21 03:00:00e-13e-19e0.6e3.5e1e0e100e05:39 PMe07:41 AMe07:19 AMe04:54 PMe-24e-27e-17e-27e35e100e54e0.1e1010e-18e10e307e20
330e2019-01-21 06:00:00e-13e-19e0.6e3.5e1e0e100e05:39 PMe07:41 AMe07:19 AMe04:54 PMe-25e-28e-18e-28e36e100e56e0.1e1012e-19e8e305e21
331e2019-01-21 09:00:00e-13e-19e0.6e3.5e1e1e100e05:39 PMe07:41 AMe07:19 AMe04:54 PMe-25e-28e-18e-28e33e100e52e0.1e1015e-19e5e305e22
332e2019-01-21 12:00:00e-13e-19e0.6e3.5e1e1e100e05:39 PMe07:41 AMe07:19 AMe04:54 PMe-23e-27e-16e-27e28e100e56e0.1e1017e-17e5e306e25
333e2019-01-21 15:00:00e-13e-19e0.6e3.5e1e1e100e05:39 PMe07:41 AMe07:19 AMe04:54 PMe-21e-23e-14e-23e31e100e55e0.2e1019e-15e5e307e21
334e2019-01-21 18:00:00e-13e-19e0.6e3.5e1e0e100e05:39 PMe07:41 AMe07:19 AMe04:54 PMe-21e-22e-13e-22e33e96e52e0.1e1021e-14e6e311e18
335e2019-01-21 21:00:00e-13e-19e0.6e3.5e1e0e100e05:39 PMe07:41 AMe07:19 AMe04:54 PMe-23e-25e-15e-25e36e59e52e0.1e1025e-16e8e314e20
336e2019-01-22 00:00:00e-8e-19e0.0e7.0e2e0e88e06:55 PMe08:28 AMe07:19 AMe04:55 PMe-24e-25e-16e-25e36e0e52e0.0e1029e-17e10e314e14
337e2019-01-22 03:00:00e-8e-19e0.0e7.0e2e0e88e06:55 PMe08:28 AMe07:19 AMe04:55 PMe-24e-25e-17e-25e30e0e55e0.0e1032e-18e10e311e11
338e2019-01-22 06:00:00e-8e-19e0.0e7.0e2e0e88e06:55 PMe08:28 AMe07:19 AMe04:55 PMe-24e-22e-18e-22e22e0e56e0.0e1034e-19e10e306e6
339e2019-01-22 09:00:00e-8e-19e0.0e7.0e2e2e88e06:55 PMe08:28 AMe07:19 AMe04:55 PMe-23e-16e-16e-16e15e3e54e0.0e1037e-17e10e300e4
340e2019-01-22 12:00:00e-8e-19e0.0e7.0e2e1e88e06:55 PMe08:28 AMe07:19 AMe04:55 PMe-19e-12e-10e-12e8e39e50e0.0e1036e-11e10e292e4
341e2019-01-22 15:00:00e-8e-19e0.0e7.0e2e2e88e06:55 PMe08:28 AMe07:19 AMe04:55 PMe-17e-11e-8e-11e4e80e47e0.0e1035e-9e10e206e5
342e2019-01-22 18:00:00e-8e-19e0.0e7.0e2e0e88e06:55 PMe08:28 AMe07:19 AMe04:55 PMe-17e-11e-10e-11e4e60e55e0.0e1035e-11e10e84e3
343e2019-01-22 21:00:00e-8e-19e0.0e7.0e2e0e88e06:55 PMe08:28 AMe07:19 AMe04:55 PMe-16e-15e-11e-15e12e73e57e0.0e1033e-13e10e131e7
344e2019-01-23 00:00:00e3e-5e0.0e3.5e2e0e81e08:11 PMe09:09 AMe07:18 AMe04:56 PMe-15e-15e-11e-15e17e42e55e0.0e1031e-13e10e147e13
345e2019-01-23 03:00:00e3e-5e0.0e3.5e2e0e81e08:11 PMe09:09 AMe07:18 AMe04:56 PMe-12e-12e-5e-12e20e39e62e0.0e1027e-6e10e152e19
346e2019-01-23 06:00:00e3e-5e0.0e3.5e2e0e81e08:11 PMe09:09 AMe07:18 AMe04:56 PMe-9e-10e-4e-10e18e66e71e0.0e1022e-5e10e157e19
347e2019-01-23 09:00:00e3e-5e0.0e3.5e2e1e81e08:11 PMe09:09 AMe07:18 AMe04:56 PMe-7e-9e-3e-9e19e91e74e0.0e1020e-4e9e161e20
348e2019-01-23 12:00:00e3e-5e0.0e3.5e2e1e81e08:11 PMe09:09 AMe07:18 AMe04:56 PMe-1e-3e1e-3e21e95e84e0.1e1013e1e6e162e17
349e2019-01-23 15:00:00e3e-5e0.0e3.5e2e1e81e08:11 PMe09:09 AMe07:18 AMe04:56 PMe0e0e4e0e21e78e81e0.2e1012e3e3e167e14
350e2019-01-23 18:00:00e3e-5e0.0e3.5e2e0e81e08:11 PMe09:09 AMe07:18 AMe04:56 PMe1e0e4e0e25e71e80e2.1e1012e2e6e173e18
351e2019-01-23 21:00:00e3e-5e0.0e3.5e2e0e81e08:11 PMe09:09 AMe07:18 AMe04:56 PMe1e-3e1e-3e34e93e73e6.9e1012e-3e6e167e24
352e2019-01-24 00:00:00e9e2e8.6e3.5e2e0e73e09:26 PMe09:44 AMe07:17 AMe04:58 PMe4e-3e-1e-3e36e92e77e12.2e1010e-2e5e168e25
353e2019-01-24 03:00:00e9e2e8.6e3.5e2e0e73e09:26 PMe09:44 AMe07:17 AMe04:58 PMe6e6e9e6e35e93e81e12.8e1007e8e6e169e23
354e2019-01-24 06:00:00e9e2e8.6e3.5e2e0e73e09:26 PMe09:44 AMe07:17 AMe04:58 PMe7e10e10e10e33e100e84e4.1e1003e9e7e167e21
355e2019-01-24 09:00:00e9e2e8.6e3.5e2e2e73e09:26 PMe09:44 AMe07:17 AMe04:58 PMe7e8e9e8e37e100e88e5.1e999e8e7e175e18
356e2019-01-24 12:00:00e9e2e8.6e3.5e2e2e73e09:26 PMe09:44 AMe07:17 AMe04:58 PMe6e4e7e4e35e100e91e5.6e997e6e6e217e15
357e2019-01-24 15:00:00e9e2e8.6e3.5e2e1e73e09:26 PMe09:44 AMe07:17 AMe04:58 PMe4e2e5e2e25e100e93e10.5e995e4e5e290e13
358e2019-01-24 18:00:00e9e2e8.6e3.5e2e0e73e09:26 PMe09:44 AMe07:17 AMe04:58 PMe0e-1e2e-1e30e95e83e10.1e999e2e6e290e14
359e2019-01-24 21:00:00e9e2e8.6e3.5e2e0e73e09:26 PMe09:44 AMe07:17 AMe04:58 PMe-5e-4e1e-4e31e65e69e7.1e1003e0e7e291e18
360e2019-01-25 00:00:00e-2e-7e0.4e3.5e1e0e66e10:37 PMe10:15 AMe07:16 AMe04:59 PMe-6e-5e-1e-5e24e41e66e0.0e1006e-2e10e290e15
361e2019-01-25 03:00:00e-2e-7e0.4e3.5e1e0e66e10:37 PMe10:15 AMe07:16 AMe04:59 PMe-7e-6e-2e-6e17e76e71e0.0e1008e-3e10e287e10
362e2019-01-25 06:00:00e-2e-7e0.4e3.5e1e0e66e10:37 PMe10:15 AMe07:16 AMe04:59 PMe-6e-6e-2e-6e17e79e75e0.0e1009e-3e10e252e9
363e2019-01-25 09:00:00e-2e-7e0.4e3.5e1e1e66e10:37 PMe10:15 AMe07:16 AMe04:59 PMe-7e-5e-1e-5e19e81e65e0.0e1012e-2e10e233e15
364e2019-01-25 12:00:00e-2e-7e0.4e3.5e1e1e66e10:37 PMe10:15 AMe07:16 AMe04:59 PMe-8e-6e-1e-6e20e97e58e0.1e1012e-2e8e254e21
365e2019-01-25 15:00:00e-2e-7e0.4e3.5e1e1e66e10:37 PMe10:15 AMe07:16 AMe04:59 PMe-10e-9e-3e-9e22e94e55e0.2e1014e-4e6e263e17
366e2019-01-25 18:00:00e-2e-7e0.4e3.5e1e0e66e10:37 PMe10:15 AMe07:16 AMe04:59 PMe-13e-12e-7e-12e22e90e60e0.2e1019e-8e7e267e13
367e2019-01-25 21:00:00e-2e-7e0.4e3.5e1e0e66e10:37 PMe10:15 AMe07:16 AMe04:59 PMe-14e-14e-9e-14e18e58e66e0.2e1021e-10e8e274e10
368e2019-01-26 00:00:00e-7e-10e0.1e3.7e2e0e59e11:47 PMe10:45 AMe07:15 AMe05:00 PMe-16e-17e-11e-17e12e33e69e0.0e1021e-12e10e280e11
369e2019-01-26 03:00:00e-7e-10e0.1e3.7e2e0e59e11:47 PMe10:45 AMe07:15 AMe05:00 PMe-18e-20e-15e-20e10e58e73e0.0e1025e-16e10e242e7
370e2019-01-26 06:00:00e-7e-10e0.1e3.7e2e0e59e11:47 PMe10:45 AMe07:15 AMe05:00 PMe-17e-18e-13e-18e15e75e71e0.0e1025e-14e10e233e6
371e2019-01-26 09:00:00e-7e-10e0.1e3.7e2e1e59e11:47 PMe10:45 AMe07:15 AMe05:00 PMe-14e-13e-8e-13e12e73e60e0.0e1025e-9e10e229e9
372e2019-01-26 12:00:00e-7e-10e0.1e3.7e2e1e59e11:47 PMe10:45 AMe07:15 AMe05:00 PMe-14e-13e-8e-13e8e85e63e0.0e1027e-9e10e245e10
373e2019-01-26 15:00:00e-7e-10e0.1e3.7e2e1e59e11:47 PMe10:45 AMe07:15 AMe05:00 PMe-13e-11e-6e-11e5e100e57e0.1e1026e-7e8e244e10
374e2019-01-26 18:00:00e-7e-10e0.1e3.7e2e0e59e11:47 PMe10:45 AMe07:15 AMe05:00 PMe-13e-11e-7e-11e4e100e59e0.1e1025e-8e7e180e7
375e2019-01-26 21:00:00e-7e-10e0.1e3.7e2e0e59e11:47 PMe10:45 AMe07:15 AMe05:00 PMe-14e-13e-9e-13e9e91e59e0.0e1023e-10e10e90e7
376e2019-01-27 00:00:00e2e-7e2.0e3.7e2e0e51e"No moonrise"e11:15 AMe07:15 AMe05:02 PMe-12e-13e-9e-13e11e60e65e0.0e1022e-11e10e116e11
377e2019-01-27 03:00:00e2e-7e2.0e3.7e2e0e51e"No moonrise"e11:15 AMe07:15 AMe05:02 PMe-11e-11e-6e-11e14e29e68e0.0e1021e-7e10e137e14
378e2019-01-27 06:00:00e2e-7e2.0e3.7e2e0e51e"No moonrise"e11:15 AMe07:15 AMe05:02 PMe-10e-10e-5e-10e21e35e68e0.0e1018e-6e10e145e11
379e2019-01-27 09:00:00e2e-7e2.0e3.7e2e1e51e"No moonrise"e11:15 AMe07:15 AMe05:02 PMe-9e-9e-4e-9e33e71e72e0.0e1015e-5e7e159e13
380e2019-01-27 12:00:00e2e-7e2.0e3.7e2e1e51e"No moonrise"e11:15 AMe07:15 AMe05:02 PMe-7e-4e0e-4e37e73e60e0.0e1014e-1e5e182e17
381e2019-01-27 15:00:00e2e-7e2.0e3.7e2e1e51e"No moonrise"e11:15 AMe07:15 AMe05:02 PMe-5e-2e2e-2e28e100e59e0.3e1013e1e7e211e17
382e2019-01-27 18:00:00e2e-7e2.0e3.7e2e0e51e"No moonrise"e11:15 AMe07:15 AMe05:02 PMe-6e-6e-1e-6e20e93e66e1.1e1014e-2e3e272e15
383e2019-01-27 21:00:00e2e-7e2.0e3.7e2e0e51e"No moonrise"e11:15 AMe07:15 AMe05:02 PMe-9e-8e-3e-8e21e86e64e1.0e1018e-4e5e319e14
384e2019-01-28 00:00:00e-8e-11e0.2e8.7e1e0e44e12:53 AMe11:46 AMe07:14 AMe05:03 PMe-12e-11e-6e-11e21e91e62e0.2e1019e-7e6e315e11
385e2019-01-28 03:00:00e-8e-11e0.2e8.7e1e0e44e12:53 AMe11:46 AMe07:14 AMe05:03 PMe-13e-12e-8e-12e16e49e67e0.1e1019e-9e8e307e8
386e2019-01-28 06:00:00e-8e-11e0.2e8.7e1e0e44e12:53 AMe11:46 AMe07:14 AMe05:03 PMe-13e-11e-8e-11e15e15e68e0.0e1020e-9e10e310e5
387e2019-01-28 09:00:00e-8e-11e0.2e8.7e1e2e44e12:53 AMe11:46 AMe07:14 AMe05:03 PMe-15e-11e-9e-11e13e38e61e0.0e1021e-10e10e325e9
388e2019-01-28 12:00:00e-8e-11e0.2e8.7e1e2e44e12:53 AMe11:46 AMe07:14 AMe05:03 PMe-15e-13e-7e-13e12e21e53e0.0e1021e-8e10e230e14
389e2019-01-28 15:00:00e-8e-11e0.2e8.7e1e2e44e12:53 AMe11:46 AMe07:14 AMe05:03 PMe-16e-13e-7e-13e9e11e48e0.0e1022e-8e10e119e12
390e2019-01-28 18:00:00e-8e-11e0.2e8.7e1e0e44e12:53 AMe11:46 AMe07:14 AMe05:03 PMe-16e-14e-9e-14e9e24e54e0.0e1023e-10e10e240e9
391e2019-01-28 21:00:00e-8e-11e0.2e8.7e1e0e44e12:53 AMe11:46 AMe07:14 AMe05:03 PMe-17e-16e-11e-16e8e10e61e0.0e1024e-12e10e16e8
392e2019-01-29 00:00:00e0e-7e10.4e3.7e2e0e37e01:58 AMe12:18 PMe07:13 AMe05:04 PMe-16e-15e-11e-15e6e23e66e0.0e1021e-12e10e59e6
393e2019-01-29 03:00:00e0e-7e10.4e3.7e2e0e37e01:58 AMe12:18 PMe07:13 AMe05:04 PMe-15e-12e-11e-12e11e55e67e0.0e1018e-12e10e120e4
394e2019-01-29 06:00:00e0e-7e10.4e3.7e2e0e37e01:58 AMe12:18 PMe07:13 AMe05:04 PMe-12e-12e-7e-12e23e83e69e0.0e1016e-8e10e140e9
395e2019-01-29 09:00:00e0e-7e10.4e3.7e2e1e37e01:58 AMe12:18 PMe07:13 AMe05:04 PMe-8e-9e-4e-9e28e100e79e0.2e1014e-5e7e146e9
396e2019-01-29 12:00:00e0e-7e10.4e3.7e2e1e37e01:58 AMe12:18 PMe07:13 AMe05:04 PMe-5e-5e0e-5e26e100e73e0.9e1012e-1e2e149e15
397e2019-01-29 15:00:00e0e-7e10.4e3.7e2e1e37e01:58 AMe12:18 PMe07:13 AMe05:04 PMe-4e-4e1e-4e22e100e72e1.6e1009e0e2e144e21
398e2019-01-29 18:00:00e0e-7e10.4e3.7e2e0e37e01:58 AMe12:18 PMe07:13 AMe05:04 PMe-2e-3e1e-3e15e100e79e3.3e1008e0e2e130e15
399e2019-01-29 21:00:00e0e-7e10.4e3.7e2e0e37e01:58 AMe12:18 PMe07:13 AMe05:04 PMe-2e-3e0e-3e10e100e81e6.2e1008e-1e2e117e10
400e2019-01-30 00:00:00e-7e-12e6.0e7.0e1e0e30e03:01 AMe12:55 PMe07:12 AMe05:06 PMe-5e-7e-2e-7e11e96e76e4.8e1006e-3e2e173e17
401e2019-01-30 03:00:00e-7e-12e6.0e7.0e1e0e30e03:01 AMe12:55 PMe07:12 AMe05:06 PMe-9e-10e-4e-10e22e61e71e3.7e1009e-5e4e282e16
402e2019-01-30 06:00:00e-7e-12e6.0e7.0e1e0e30e03:01 AMe12:55 PMe07:12 AMe05:06 PMe-13e-11e-7e-11e14e13e60e0.0e1012e-8e9e288e10
403e2019-01-30 09:00:00e-7e-12e6.0e7.0e1e2e30e03:01 AMe12:55 PMe07:12 AMe05:06 PMe-16e-10e-8e-10e4e15e52e0.0e1012e-9e10e240e9
404e2019-01-30 12:00:00e-7e-12e6.0e7.0e1e1e30e03:01 AMe12:55 PMe07:12 AMe05:06 PMe-16e-14e-7e-14e6e36e45e0.1e1010e-8e8e159e19
405e2019-01-30 15:00:00e-7e-12e6.0e7.0e1e1e30e03:01 AMe12:55 PMe07:12 AMe05:06 PMe-17e-16e-8e-16e19e100e47e0.6e1011e-9e4e211e25
406e2019-01-30 18:00:00e-7e-12e6.0e7.0e1e0e30e03:01 AMe12:55 PMe07:12 AMe05:06 PMe-21e-22e-12e-22e28e97e48e1.5e1016e-13e2e269e24
407e2019-01-30 21:00:00e-7e-12e6.0e7.0e1e0e30e03:01 AMe12:55 PMe07:12 AMe05:06 PMe-23e-23e-15e-23e22e65e49e1.1e1019e-16e5e263e17
408e2019-01-31 00:00:00e-14e-19e0.0e5.4e2e0e26e04:00 AMe01:37 PMe07:11 AMe05:07 PMe-23e-24e-16e-24e22e11e54e0.0e1018e-17e10e263e13
409e2019-01-31 03:00:00e-14e-19e0.0e5.4e2e0e26e04:00 AMe01:37 PMe07:11 AMe05:07 PMe-21e-24e-15e-24e20e11e62e0.0e1016e-16e10e245e14
410e2019-01-31 06:00:00e-14e-19e0.0e5.4e2e0e26e04:00 AMe01:37 PMe07:11 AMe05:07 PMe-24e-24e-16e-24e18e17e53e0.0e1022e-17e10e226e12
411e2019-01-31 09:00:00e-14e-19e0.0e5.4e2e2e26e04:00 AMe01:37 PMe07:11 AMe05:07 PMe-25e-24e-16e-24e19e31e47e0.0e1025e-17e10e230e13
412e2019-01-31 12:00:00e-14e-19e0.0e5.4e2e1e26e04:00 AMe01:37 PMe07:11 AMe05:07 PMe-22e-22e-13e-22e22e73e48e0.0e1022e-14e10e253e19
413e2019-01-31 15:00:00e-14e-19e0.0e5.4e2e2e26e04:00 AMe01:37 PMe07:11 AMe05:07 PMe-23e-23e-14e-23e21e78e45e0.0e1022e-15e10e256e22
414e2019-01-31 18:00:00e-14e-19e0.0e5.4e2e0e26e04:00 AMe01:37 PMe07:11 AMe05:07 PMe-22e-22e-15e-22e19e23e47e0.0e1024e-16e10e251e17
415e2019-01-31 21:00:00e-14e-19e0.0e5.4e2e0e26e04:00 AMe01:37 PMe07:11 AMe05:07 PMe-23e-21e-18e-21e16e4e44e0.0e1027e-21e10e228e8
416e2019-02-01 00:00:00e-8e-17e0.0e7.0e2e0e8e04:55 AMe02:22 PMe07:10 AMe05:08 PMe-22e-24e-19e-24e15e8e54e0.0e1028e-22e10e218e9
417e2019-02-01 03:00:00e-8e-17e0.0e7.0e2e0e8e04:55 AMe02:22 PMe07:10 AMe05:08 PMe-23e-23e-16e-23e13e16e58e0.0e1029e-17e10e224e8
418e2019-02-01 06:00:00e-8e-17e0.0e7.0e2e0e8e04:55 AMe02:22 PMe07:10 AMe05:08 PMe-24e-21e-17e-21e7e32e56e0.0e1030e-18e10e229e5
419e2019-02-01 09:00:00e-8e-17e0.0e7.0e2e2e8e04:55 AMe02:22 PMe07:10 AMe05:08 PMe-22e-16e-14e-16e4e35e52e0.0e1031e-15e10e243e4
420e2019-02-01 12:00:00e-8e-17e0.0e7.0e2e1e8e04:55 AMe02:22 PMe07:10 AMe05:08 PMe-18e-15e-10e-15e6e47e51e0.0e1029e-11e10e277e9
421e2019-02-01 15:00:00e-8e-17e0.0e7.0e2e2e8e04:55 AMe02:22 PMe07:10 AMe05:08 PMe-15e-14e-8e-14e8e72e56e0.0e1025e-9e10e285e13
422e2019-02-01 18:00:00e-8e-17e0.0e7.0e2e0e8e04:55 AMe02:22 PMe07:10 AMe05:08 PMe-17e-15e-10e-15e8e36e58e0.0e1027e-11e10e301e10
423e2019-02-01 21:00:00e-8e-17e0.0e7.0e2e0e8e04:55 AMe02:22 PMe07:10 AMe05:08 PMe-19e-17e-12e-17e8e1e59e0.0e1027e-13e10e315e9
424e2019-02-02 00:00:00e-3e-14e0.0e8.7e2e0e1e05:45 AMe03:13 PMe07:09 AMe05:10 PMe-18e-20e-14e-20e5e21e72e0.0e1026e-15e10e285e9
425e2019-02-02 03:00:00e-3e-14e0.0e8.7e2e0e1e05:45 AMe03:13 PMe07:09 AMe05:10 PMe-19e-20e-15e-20e2e46e76e0.0e1030e-16e10e201e5
426e2019-02-02 06:00:00e-3e-14e0.0e8.7e2e0e1e05:45 AMe03:13 PMe07:09 AMe05:10 PMe-20e-20e-15e-20e6e15e69e0.0e1029e-16e10e144e5
427e2019-02-02 09:00:00e-3e-14e0.0e8.7e2e2e1e05:45 AMe03:13 PMe07:09 AMe05:10 PMe-18e-16e-11e-16e8e18e54e0.0e1025e-12e10e150e8
428e2019-02-02 12:00:00e-3e-14e0.0e8.7e2e2e1e05:45 AMe03:13 PMe07:09 AMe05:10 PMe-15e-11e-6e-11e8e26e50e0.0e1022e-7e10e173e11
429e2019-02-02 15:00:00e-3e-14e0.0e8.7e2e1e1e05:45 AMe03:13 PMe07:09 AMe05:10 PMe-11e-7e-3e-7e8e59e58e0.0e1019e-4e10e208e10
430e2019-02-02 18:00:00e-3e-14e0.0e8.7e2e0e1e05:45 AMe03:13 PMe07:09 AMe05:10 PMe-8e-7e-3e-7e9e92e67e0.0e1016e-4e10e230e11
431e2019-02-02 21:00:00e-3e-14e0.0e8.7e2e0e1e05:45 AMe03:13 PMe07:09 AMe05:10 PMe-7e-8e-5e-8e12e100e74e0.0e1018e-6e8e226e10
432e2019-02-03 00:00:00e1e-2e0.0e3.8e1e0e0e06:29 AMe04:07 PMe07:07 AMe05:11 PMe-6e-7e-6e-7e8e98e76e0.1e1020e-8e7e271e6
433e2019-02-03 03:00:00e1e-2e0.0e3.8e1e0e0e06:29 AMe04:07 PMe07:07 AMe05:11 PMe-6e-3e-3e-3e4e93e80e0.0e1021e-4e10e218e4
434e2019-02-03 06:00:00e1e-2e0.0e3.8e1e0e0e06:29 AMe04:07 PMe07:07 AMe05:11 PMe-5e-2e-2e-2e4e92e80e0.0e1020e-3e10e90e5
435e2019-02-03 09:00:00e1e-2e0.0e3.8e1e1e0e06:29 AMe04:07 PMe07:07 AMe05:11 PMe-3e-1e0e-1e8e89e78e0.0e1021e-1e7e138e5
436e2019-02-03 12:00:00e1e-2e0.0e3.8e1e1e0e06:29 AMe04:07 PMe07:07 AMe05:11 PMe-3e-1e1e-1e8e90e74e0.0e1023e1e2e152e6
437e2019-02-03 15:00:00e1e-2e0.0e3.8e1e1e0e06:29 AMe04:07 PMe07:07 AMe05:11 PMe-4e0e2e0e12e77e69e0.0e1024e1e2e157e7
438e2019-02-03 18:00:00e1e-2e0.0e3.8e1e0e0e06:29 AMe04:07 PMe07:07 AMe05:11 PMe-2e-1e2e-1e17e49e69e0.0e1021e0e5e164e8
439e2019-02-03 21:00:00e1e-2e0.0e3.8e1e0e0e06:29 AMe04:07 PMe07:07 AMe05:11 PMe-1e-3e1e-3e19e59e68e0.0e1018e-3e10e164e12
440e2019-02-04 00:00:00e11e5e0.0e5.4e2e0e0e07:08 AMe05:04 PMe07:06 AMe05:12 PMe0e-4e0e-4e21e74e78e0.0e1018e-3e7e159e11
441e2019-02-04 03:00:00e11e5e0.0e5.4e2e0e0e07:08 AMe05:04 PMe07:06 AMe05:12 PMe0e0e3e0e16e73e80e0.0e1017e2e5e151e12
442e2019-02-04 06:00:00e11e5e0.0e5.4e2e0e0e07:08 AMe05:04 PMe07:06 AMe05:12 PMe-1e0e3e0e15e88e77e0.0e1017e2e10e152e11
443e2019-02-04 09:00:00e11e5e0.0e5.4e2e2e0e07:08 AMe05:04 PMe07:06 AMe05:12 PMe1e6e7e6e13e94e68e0.0e1018e6e7e157e7
444e2019-02-04 12:00:00e11e5e0.0e5.4e2e3e0e07:08 AMe05:04 PMe07:06 AMe05:12 PMe3e10e10e10e9e72e65e0.0e1017e9e5e161e6
445e2019-02-04 15:00:00e11e5e0.0e5.4e2e3e0e07:08 AMe05:04 PMe07:06 AMe05:12 PMe4e11e11e11e6e42e62e0.0e1016e11e7e157e8
446e2019-02-04 18:00:00e11e5e0.0e5.4e2e0e0e07:08 AMe05:04 PMe07:06 AMe05:12 PMe3e10e10e10e8e27e65e0.0e1015e9e2e141e8
447e2019-02-04 21:00:00e11e5e0.0e5.4e2e0e0e07:08 AMe05:04 PMe07:06 AMe05:12 PMe2e8e8e8e15e33e68e0.0e1015e8e7e151e9
448e2019-02-05 00:00:00e9e3e0.0e3.8e3e0e0e07:42 AMe06:02 PMe07:05 AMe05:14 PMe3e5e7e5e22e31e77e0.0e1013e6e18e159e10
449e2019-02-05 03:00:00e9e3e0.0e3.8e3e0e0e07:42 AMe06:02 PMe07:05 AMe05:14 PMe2e4e7e4e24e42e77e0.2e1012e6e15e163e12
450e2019-02-05 06:00:00e9e3e0.0e3.8e3e0e0e07:42 AMe06:02 PMe07:05 AMe05:14 PMe3e4e7e4e21e82e80e1.3e1012e6e6e162e11
451e2019-02-05 09:00:00e9e3e0.0e3.8e3e3e0e07:42 AMe06:02 PMe07:05 AMe05:14 PMe4e7e9e7e15e88e73e1.7e1013e8e8e173e9
452e2019-02-05 12:00:00e9e3e0.0e3.8e3e2e0e07:42 AMe06:02 PMe07:05 AMe05:14 PMe4e8e9e8e14e70e71e0.0e1013e9e10e224e13
453e2019-02-05 15:00:00e9e3e0.0e3.8e3e3e0e07:42 AMe06:02 PMe07:05 AMe05:14 PMe1e3e7e3e18e67e68e0.0e1015e6e10e290e21
454e2019-02-05 18:00:00e9e3e0.0e3.8e3e0e0e07:42 AMe06:02 PMe07:05 AMe05:14 PMe-3e-1e3e-1e22e21e66e0.0e1018e2e10e292e19
455e2019-02-05 21:00:00e9e3e0.0e3.8e3e0e0e07:42 AMe06:02 PMe07:05 AMe05:14 PMe-6e-4e1e-4e24e6e64e0.0e1021e0e10e301e17
456e2019-02-06 00:00:00e5e-3e0.0e7.1e2e0e7e08:12 AMe07:01 PMe07:04 AMe05:15 PMe-7e-5e-1e-5e18e9e67e0.0e1022e-2e10e312e17
457e2019-02-06 03:00:00e5e-3e0.0e7.1e2e0e7e08:12 AMe07:01 PMe07:04 AMe05:15 PMe-9e-8e-3e-8e13e12e67e0.0e1022e-4e10e332e17
458e2019-02-06 06:00:00e5e-3e0.0e7.1e2e0e7e08:12 AMe07:01 PMe07:04 AMe05:15 PMe-10e-9e-4e-9e13e43e66e0.0e1024e-5e10e351e15
459e2019-02-06 09:00:00e5e-3e0.0e7.1e2e2e7e08:12 AMe07:01 PMe07:04 AMe05:15 PMe-10e-8e-3e-8e11e68e61e0.0e1026e-4e10e355e11
460e2019-02-06 12:00:00e5e-3e0.0e7.1e2e2e7e08:12 AMe07:01 PMe07:04 AMe05:15 PMe-9e-2e1e-2e6e27e52e0.0e1025e0e10e280e7
461e2019-02-06 15:00:00e5e-3e0.0e7.1e2e2e7e08:12 AMe07:01 PMe07:04 AMe05:15 PMe-6e0e2e0e2e30e56e0.0e1023e1e10e103e6
462e2019-02-06 18:00:00e5e-3e0.0e7.1e2e0e7e08:12 AMe07:01 PMe07:04 AMe05:15 PMe-2e-1e2e-1e5e67e71e0.2e1022e1e7e75e7
463e2019-02-06 21:00:00e5e-3e0.0e7.1e2e0e7e08:12 AMe07:01 PMe07:04 AMe05:15 PMe-6e-3e1e-3e12e100e69e1.8e1024e-1e4e108e9
464e2019-02-07 00:00:00e7e2e0.0e3.8e1e0e14e08:39 AMe08:00 PMe07:03 AMe05:16 PMe-9e-4e-1e-4e15e100e65e5.3e1025e-4e6e143e6
465e2019-02-07 03:00:00e7e2e0.0e3.8e1e0e14e08:39 AMe08:00 PMe07:03 AMe05:16 PMe-5e-4e-2e-4e12e100e72e5.7e1023e-3e6e131e9
466e2019-02-07 06:00:00e7e2e0.0e3.8e1e0e14e08:39 AMe08:00 PMe07:03 AMe05:16 PMe-4e-3e-1e-3e9e100e77e1.6e1022e-2e9e103e9
467e2019-02-07 09:00:00e7e2e0.0e3.8e1e1e14e08:39 AMe08:00 PMe07:03 AMe05:16 PMe-1e1e2e1e7e100e76e1.0e1021e1e9e88e7
468e2019-02-07 12:00:00e7e2e0.0e3.8e1e1e14e08:39 AMe08:00 PMe07:03 AMe05:16 PMe2e5e5e5e6e99e81e0.1e1019e5e10e99e6
469e2019-02-07 15:00:00e7e2e0.0e3.8e1e1e14e08:39 AMe08:00 PMe07:03 AMe05:16 PMe3e3e5e3e8e96e83e0.0e1018e5e10e138e10
470e2019-02-07 18:00:00e7e2e0.0e3.8e1e0e14e08:39 AMe08:00 PMe07:03 AMe05:16 PMe3e5e7e5e12e92e72e0.0e1019e7e10e127e9
471e2019-02-07 21:00:00e7e2e0.0e3.8e1e0e14e08:39 AMe08:00 PMe07:03 AMe05:16 PMe2e3e5e3e22e92e80e0.5e1017e4e10e139e9
472e2019-02-08 00:00:00e13e7e0.0e3.8e3e0e22e09:05 AMe08:59 PMe07:02 AMe05:18 PMe2e1e3e1e28e100e89e4.7e1015e3e8e139e5
473e2019-02-08 03:00:00e13e7e0.0e3.8e3e0e22e09:05 AMe08:59 PMe07:02 AMe05:18 PMe3e3e5e3e21e100e90e8.9e1012e4e6e132e10
474e2019-02-08 06:00:00e13e7e0.0e3.8e3e0e22e09:05 AMe08:59 PMe07:02 AMe05:18 PMe6e4e7e4e18e98e90e4.5e1009e7e7e136e16
475e2019-02-08 09:00:00e13e7e0.0e3.8e3e2e22e09:05 AMe08:59 PMe07:02 AMe05:18 PMe4e4e7e4e29e95e82e3.5e1009e6e5e189e16
476e2019-02-08 12:00:00e13e7e0.0e3.8e3e1e22e09:05 AMe08:59 PMe07:02 AMe05:18 PMe-1e0e5e0e26e91e66e0.4e1011e4e4e236e26
477e2019-02-08 15:00:00e13e7e0.0e3.8e3e1e22e09:05 AMe08:59 PMe07:02 AMe05:18 PMe-5e-3e3e-3e27e71e54e0.3e1014e2e9e274e32
478e2019-02-08 18:00:00e13e7e0.0e3.8e3e0e22e09:05 AMe08:59 PMe07:02 AMe05:18 PMe-10e-6e1e-6e30e70e45e0.0e1017e0e10e285e29
479e2019-02-08 21:00:00e13e7e0.0e3.8e3e0e22e09:05 AMe08:59 PMe07:02 AMe05:18 PMe-11e-8e-1e-8e31e72e46e0.0e1020e-2e12e282e23
480e2019-02-09 00:00:00e-5e-7e0.0e7.1e1e0e29e09:30 AMe09:59 PMe07:00 AMe05:19 PMe-14e-12e-5e-12e31e71e48e0.0e1024e-6e17e280e26
481e2019-02-09 03:00:00e-5e-7e0.0e7.1e1e0e29e09:30 AMe09:59 PMe07:00 AMe05:19 PMe-15e-13e-6e-13e34e78e48e0.1e1026e-7e18e283e26
482e2019-02-09 06:00:00e-5e-7e0.0e7.1e1e0e29e09:30 AMe09:59 PMe07:00 AMe05:19 PMe-16e-14e-6e-14e36e93e47e0.0e1029e-7e18e290e30
483e2019-02-09 09:00:00e-5e-7e0.0e7.1e1e2e29e09:30 AMe09:59 PMe07:00 AMe05:19 PMe-16e-14e-6e-14e35e81e46e0.0e1032e-7e19e300e30
484e2019-02-09 12:00:00e-5e-7e0.0e7.1e1e2e29e09:30 AMe09:59 PMe07:00 AMe05:19 PMe-17e-12e-5e-12e36e31e39e0.0e1033e-6e20e302e20
485e2019-02-09 15:00:00e-5e-7e0.0e7.1e1e2e29e09:30 AMe09:59 PMe07:00 AMe05:19 PMe-17e-10e-4e-10e31e7e38e0.0e1034e-5e20e303e21
486e2019-02-09 18:00:00e-5e-7e0.0e7.1e1e0e29e09:30 AMe09:59 PMe07:00 AMe05:19 PMe-16e-12e-6e-12e23e0e42e0.0e1036e-7e20e304e18
487e2019-02-09 21:00:00e-5e-7e0.0e7.1e1e0e29e09:30 AMe09:59 PMe07:00 AMe05:19 PMe-17e-13e-8e-13e22e1e45e0.0e1037e-9e20e303e12
488e2019-02-10 00:00:00e0e-6e0.0e4.0e2e0e37e09:56 AMe11:00 PMe06:59 AMe05:20 PMe-18e-15e-9e-15e18e5e49e0.0e1037e-10e20e298e9
489e2019-02-10 03:00:00e0e-6e0.0e4.0e2e0e37e09:56 AMe11:00 PMe06:59 AMe05:20 PMe-18e-16e-10e-16e15e33e51e0.0e1037e-11e10e293e8
490e2019-02-10 06:00:00e0e-6e0.0e4.0e2e0e37e09:56 AMe11:00 PMe06:59 AMe05:20 PMe-16e-14e-9e-14e12e83e55e0.0e1038e-10e10e289e6
491e2019-02-10 09:00:00e0e-6e0.0e4.0e2e1e37e09:56 AMe11:00 PMe06:59 AMe05:20 PMe-13e-8e-4e-8e15e100e53e0.0e1037e-5e10e289e8
492e2019-02-10 12:00:00e0e-6e0.0e4.0e2e1e37e09:56 AMe11:00 PMe06:59 AMe05:20 PMe-12e-5e-1e-5e17e93e45e0.0e1035e-2e13e295e14
493e2019-02-10 15:00:00e0e-6e0.0e4.0e2e2e37e09:56 AMe11:00 PMe06:59 AMe05:20 PMe-12e-3e0e-3e15e66e40e0.0e1032e-1e20e289e13
494e2019-02-10 18:00:00e0e-6e0.0e4.0e2e0e37e09:56 AMe11:00 PMe06:59 AMe05:20 PMe-12e-3e0e-3e13e45e40e0.0e1029e-1e20e296e8
495e2019-02-10 21:00:00e0e-6e0.0e4.0e2e0e37e09:56 AMe11:00 PMe06:59 AMe05:20 PMe-13e-5e-2e-5e11e59e49e0.0e1031e-3e17e308e7
496e2019-02-11 00:00:00e1e-5e0.0e5.6e2e0e44e10:22 AMe"No moonset"e06:58 AMe05:22 PMe-13e-6e-3e-6e6e68e57e0.0e1033e-5e10e219e9
497e2019-02-11 03:00:00e1e-5e0.0e5.6e2e0e44e10:22 AMe"No moonset"e06:58 AMe05:22 PMe-10e-6e-2e-6e3e55e61e0.0e1026e-3e10e35e9
498e2019-02-11 06:00:00e1e-5e0.0e5.6e2e0e44e10:22 AMe"No moonset"e06:58 AMe05:22 PMe-9e-6e-3e-6e3e73e65e0.0e1026e-4e10e39e5
499e2019-02-11 09:00:00e1e-5e0.0e5.6e2e1e44e10:22 AMe"No moonset"e06:58 AMe05:22 PMe-11e-6e-3e-6e5e88e53e0.0e1029e-4e10e24e8
500e2019-02-11 12:00:00e1e-5e0.0e5.6e2e2e44e10:22 AMe"No moonset"e06:58 AMe05:22 PMe-12e-4e0e-4e9e83e40e0.0e1027e-1e13e13e11
501e2019-02-11 15:00:00e1e-5e0.0e5.6e2e2e44e10:22 AMe"No moonset"e06:58 AMe05:22 PMe-9e-2e2e-2e12e37e45e0.0e1025e1e20e14e11
502e2019-02-11 18:00:00e1e-5e0.0e5.6e2e0e44e10:22 AMe"No moonset"e06:58 AMe05:22 PMe-11e-3e1e-3e14e11e47e0.0e1028e-1e20e16e10
503e2019-02-11 21:00:00e1e-5e0.0e5.6e2e0e44e10:22 AMe"No moonset"e06:58 AMe05:22 PMe-16e-3e-1e-3e16e36e41e0.0e1031e-3e17e18e10
504e2019-02-12 00:00:00e-4e-10e11.5e4.0e2e0e52e10:53 AMe12:03 AMe06:56 AMe05:23 PMe-18e-8e-5e-8e16e64e42e0.0e1032e-7e10e13e9
505e2019-02-12 03:00:00e-4e-10e11.5e4.0e2e0e52e10:53 AMe12:03 AMe06:56 AMe05:23 PMe-19e-12e-8e-12e12e15e41e0.0e1032e-9e10e7e8
506e2019-02-12 06:00:00e-4e-10e11.5e4.0e2e0e52e10:53 AMe12:03 AMe06:56 AMe05:23 PMe-19e-13e-9e-13e8e48e45e0.0e1031e-10e10e18e6
507e2019-02-12 09:00:00e-4e-10e11.5e4.0e2e1e52e10:53 AMe12:03 AMe06:56 AMe05:23 PMe-17e-11e-8e-11e7e86e44e0.0e1030e-9e10e72e6
508e2019-02-12 12:00:00e-4e-10e11.5e4.0e2e1e52e10:53 AMe12:03 AMe06:56 AMe05:23 PMe-14e-8e-5e-8e11e100e48e0.6e1027e-6e7e131e8
509e2019-02-12 15:00:00e-4e-10e11.5e4.0e2e1e52e10:53 AMe12:03 AMe06:56 AMe05:23 PMe-10e-9e-4e-9e19e100e63e3.6e1023e-5e4e128e13
510e2019-02-12 18:00:00e-4e-10e11.5e4.0e2e0e52e10:53 AMe12:03 AMe06:56 AMe05:23 PMe-7e-7e-3e-7e23e100e74e9.3e1019e-5e6e123e15
511e2019-02-12 21:00:00e-4e-10e11.5e4.0e2e0e52e10:53 AMe12:03 AMe06:56 AMe05:23 PMe-5e-8e-5e-8e22e100e75e11.2e1014e-8e2e113e13
512e2019-02-13 00:00:00e5e1e8.5e4.0e1e0e60e11:28 AMe01:08 AMe06:55 AMe05:24 PMe-4e-10e-7e-10e14e100e82e7.7e1007e-10e4e118e8
513e2019-02-13 03:00:00e5e1e8.5e4.0e1e0e60e11:28 AMe01:08 AMe06:55 AMe05:24 PMe-4e-5e-2e-5e5e100e92e8.3e1001e-3e6e111e8
514e2019-02-13 06:00:00e5e1e8.5e4.0e1e0e60e11:28 AMe01:08 AMe06:55 AMe05:24 PMe-1e-1e1e-1e8e95e84e5.4e996e1e8e106e8
515e2019-02-13 09:00:00e5e1e8.5e4.0e1e1e60e11:28 AMe01:08 AMe06:55 AMe05:24 PMe0e0e2e0e15e82e81e3.1e996e2e8e208e7
516e2019-02-13 12:00:00e5e1e8.5e4.0e1e1e60e11:28 AMe01:08 AMe06:55 AMe05:24 PMe-2e1e4e1e22e69e68e0.2e998e3e7e262e12
517e2019-02-13 15:00:00e5e1e8.5e4.0e1e1e60e11:28 AMe01:08 AMe06:55 AMe05:24 PMe-4e1e5e1e20e74e53e0.3e1002e4e9e262e18
518e2019-02-13 18:00:00e5e1e8.5e4.0e1e0e60e11:28 AMe01:08 AMe06:55 AMe05:24 PMe-6e-4e1e-4e18e100e60e0.5e1004e1e14e260e19
519e2019-02-13 21:00:00e5e1e8.5e4.0e1e0e60e11:28 AMe01:08 AMe06:55 AMe05:24 PMe-8e-6e-1e-6e20e100e63e0.5e1004e-2e11e247e17
520e2019-02-14 00:00:00e3e-4e0.4e5.6e1e0e67e12:09 PMe02:15 AMe06:54 AMe05:26 PMe-9e-9e-3e-9e26e100e65e0.1e1008e-4e7e233e13
521e2019-02-14 03:00:00e3e-4e0.4e5.6e1e0e67e12:09 PMe02:15 AMe06:54 AMe05:26 PMe-9e-9e-3e-9e26e100e64e0.1e1009e-4e8e236e16
522e2019-02-14 06:00:00e3e-4e0.4e5.6e1e0e67e12:09 PMe02:15 AMe06:54 AMe05:26 PMe-9e-8e-2e-8e24e89e63e0.1e1010e-3e9e263e16
523e2019-02-14 09:00:00e3e-4e0.4e5.6e1e1e67e12:09 PMe02:15 AMe06:54 AMe05:26 PMe-8e-7e-1e-7e22e74e63e0.2e1014e-2e10e290e17
524e2019-02-14 12:00:00e3e-4e0.4e5.6e1e1e67e12:09 PMe02:15 AMe06:54 AMe05:26 PMe-6e-1e3e-1e21e80e53e0.1e1013e2e13e282e17
525e2019-02-14 15:00:00e3e-4e0.4e5.6e1e2e67e12:09 PMe02:15 AMe06:54 AMe05:26 PMe-5e1e4e1e15e53e52e0.1e1013e3e11e285e14
526e2019-02-14 18:00:00e3e-4e0.4e5.6e1e0e67e12:09 PMe02:15 AMe06:54 AMe05:26 PMe-5e-1e2e-1e10e27e61e0.0e1014e1e20e240e12
527e2019-02-14 21:00:00e3e-4e0.4e5.6e1e0e67e12:09 PMe02:15 AMe06:54 AMe05:26 PMe-6e-3e0e-3e15e37e66e0.0e1015e-1e17e124e9
528e2019-02-15 00:00:00e8e4e0.7e4.0e3e0e75e01:00 PMe03:22 AMe06:52 AMe05:27 PMe-5e-3e1e-3e17e47e66e0.0e1015e0e10e130e12
529e2019-02-15 03:00:00e8e4e0.7e4.0e3e0e75e01:00 PMe03:22 AMe06:52 AMe05:27 PMe-2e0e3e0e27e57e70e0.0e1011e3e10e143e14
530e2019-02-15 06:00:00e8e4e0.7e4.0e3e0e75e01:00 PMe03:22 AMe06:52 AMe05:27 PMe-1e1e4e1e41e84e69e0.2e1008e4e7e158e16
531e2019-02-15 09:00:00e8e4e0.7e4.0e3e1e75e01:00 PMe03:22 AMe06:52 AMe05:27 PMe-1e2e5e2e41e86e67e0.9e1007e5e5e158e21
532e2019-02-15 12:00:00e8e4e0.7e4.0e3e2e75e01:00 PMe03:22 AMe06:52 AMe05:27 PMe2e5e7e5e33e64e74e1.9e1004e6e10e164e17
533e2019-02-15 15:00:00e8e4e0.7e4.0e3e2e75e01:00 PMe03:22 AMe06:52 AMe05:27 PMe3e8e9e8e30e75e70e2.0e1003e8e9e179e17
534e2019-02-15 18:00:00e8e4e0.7e4.0e3e0e75e01:00 PMe03:22 AMe06:52 AMe05:27 PMe3e5e8e5e26e84e76e0.5e1004e6e11e212e15
535e2019-02-15 21:00:00e8e4e0.7e4.0e3e0e75e01:00 PMe03:22 AMe06:52 AMe05:27 PMe-1e2e6e2e19e93e74e0.8e1007e3e11e288e13
536e2019-02-16 00:00:00e2e-2e0.0e8.7e1e0e82e02:00 PMe04:25 AMe06:51 AMe05:28 PMe-4e-4e0e-4e15e56e68e0.1e1008e-1e8e295e13
537e2019-02-16 03:00:00e2e-2e0.0e8.7e1e0e82e02:00 PMe04:25 AMe06:51 AMe05:28 PMe-5e-5e-1e-5e15e18e72e0.0e1009e-2e9e295e14
538e2019-02-16 06:00:00e2e-2e0.0e8.7e1e0e82e02:00 PMe04:25 AMe06:51 AMe05:28 PMe-6e-5e-1e-5e15e29e71e0.0e1010e-2e13e294e13
539e2019-02-16 09:00:00e2e-2e0.0e8.7e1e1e82e02:00 PMe04:25 AMe06:51 AMe05:28 PMe-7e-5e0e-5e18e38e64e0.0e1011e-1e17e293e13
540e2019-02-16 12:00:00e2e-2e0.0e8.7e1e2e82e02:00 PMe04:25 AMe06:51 AMe05:28 PMe-3e-2e2e-2e23e59e68e0.0e1011e1e13e295e13
541e2019-02-16 15:00:00e2e-2e0.0e8.7e1e2e82e02:00 PMe04:25 AMe06:51 AMe05:28 PMe-4e-2e2e-2e22e43e64e0.0e1009e1e18e297e17
542e2019-02-16 18:00:00e2e-2e0.0e8.7e1e0e82e02:00 PMe04:25 AMe06:51 AMe05:28 PMe-7e-6e-1e-6e22e45e62e0.0e1013e-2e20e305e19
543e2019-02-16 21:00:00e2e-2e0.0e8.7e1e0e82e02:00 PMe04:25 AMe06:51 AMe05:28 PMe-8e-8e-3e-8e21e29e66e0.0e1013e-4e17e314e17
544e2019-02-17 00:00:00e-1e-8e0.0e8.7e2e0e90e03:09 PMe05:24 AMe06:49 AMe05:29 PMe-10e-9e-4e-9e18e4e69e0.0e1014e-5e10e310e14
545e2019-02-17 03:00:00e-1e-8e0.0e8.7e2e0e90e03:09 PMe05:24 AMe06:49 AMe05:29 PMe-12e-12e-8e-12e17e3e75e0.0e1019e-9e10e311e11
546e2019-02-17 06:00:00e-1e-8e0.0e8.7e2e0e90e03:09 PMe05:24 AMe06:49 AMe05:29 PMe-13e-13e-9e-13e12e2e75e0.0e1019e-10e10e326e8
547e2019-02-17 09:00:00e-1e-8e0.0e8.7e2e2e90e03:09 PMe05:24 AMe06:49 AMe05:29 PMe-12e-10e-6e-10e9e5e63e0.0e1017e-7e13e337e7
548e2019-02-17 12:00:00e-1e-8e0.0e8.7e2e1e90e03:09 PMe05:24 AMe06:49 AMe05:29 PMe-11e-6e-2e-6e8e25e50e0.0e1016e-3e20e344e8
549e2019-02-17 15:00:00e-1e-8e0.0e8.7e2e2e90e03:09 PMe05:24 AMe06:49 AMe05:29 PMe-10e-4e0e-4e6e60e49e0.0e1016e-1e20e239e9
550e2019-02-17 18:00:00e-1e-8e0.0e8.7e2e0e90e03:09 PMe05:24 AMe06:49 AMe05:29 PMe-10e-6e-2e-6e6e28e56e0.0e1014e-3e20e40e9
551e2019-02-17 21:00:00e-1e-8e0.0e8.7e2e0e90e03:09 PMe05:24 AMe06:49 AMe05:29 PMe-11e-9e-4e-9e6e35e61e0.0e1013e-5e17e73e12
552e2019-02-18 00:00:00e-3e-5e5.4e4.1e1e0e97e04:24 PMe06:15 AMe06:48 AMe05:31 PMe-9e-9e-4e-9e8e79e68e0.2e1016e-5e7e110e9
553e2019-02-18 03:00:00e-3e-5e5.4e4.1e1e0e97e04:24 PMe06:15 AMe06:48 AMe05:31 PMe-8e-6e-3e-6e12e100e74e0.7e1014e-4e2e115e5
554e2019-02-18 06:00:00e-3e-5e5.4e4.1e1e0e97e04:24 PMe06:15 AMe06:48 AMe05:31 PMe-7e-7e-3e-7e10e100e76e1.3e1013e-4e2e88e7
555e2019-02-18 09:00:00e-3e-5e5.4e4.1e1e1e97e04:24 PMe06:15 AMe06:48 AMe05:31 PMe-7e-7e-3e-7e7e100e77e1.5e1013e-4e2e49e7
556e2019-02-18 12:00:00e-3e-5e5.4e4.1e1e1e97e04:24 PMe06:15 AMe06:48 AMe05:31 PMe-7e-5e-2e-5e9e100e70e0.8e1014e-3e2e127e9
557e2019-02-18 15:00:00e-3e-5e5.4e4.1e1e1e97e04:24 PMe06:15 AMe06:48 AMe05:31 PMe-10e-7e-3e-7e15e100e58e1.0e1019e-4e2e343e15
558e2019-02-18 18:00:00e-3e-5e5.4e4.1e1e0e97e04:24 PMe06:15 AMe06:48 AMe05:31 PMe-11e-11e-5e-11e17e100e66e0.5e1019e-6e6e333e16
559e2019-02-18 21:00:00e-3e-5e5.4e4.1e1e0e97e04:24 PMe06:15 AMe06:48 AMe05:31 PMe-13e-14e-8e-14e21e93e68e0.4e1026e-9e12e322e13
560e2019-02-19 00:00:00e-5e-12e0.1e8.7e1e0e100e05:42 PMe06:59 AMe06:46 AMe05:32 PMe-14e-15e-10e-15e21e77e69e0.1e1029e-11e7e310e12
561e2019-02-19 03:00:00e-5e-12e0.1e8.7e1e0e100e05:42 PMe06:59 AMe06:46 AMe05:32 PMe-15e-16e-11e-16e17e49e74e0.1e1030e-12e8e306e10
562e2019-02-19 06:00:00e-5e-12e0.1e8.7e1e0e100e05:42 PMe06:59 AMe06:46 AMe05:32 PMe-15e-16e-11e-16e16e0e74e0.0e1030e-12e10e303e7
563e2019-02-19 09:00:00e-5e-12e0.1e8.7e1e2e100e05:42 PMe06:59 AMe06:46 AMe05:32 PMe-15e-13e-9e-13e16e0e61e0.0e1032e-10e10e305e7
564e2019-02-19 12:00:00e-5e-12e0.1e8.7e1e2e100e05:42 PMe06:59 AMe06:46 AMe05:32 PMe-14e-9e-4e-9e18e2e48e0.0e1033e-5e10e301e11
565e2019-02-19 15:00:00e-5e-12e0.1e8.7e1e2e100e05:42 PMe06:59 AMe06:46 AMe05:32 PMe-15e-11e-5e-11e19e5e45e0.0e1034e-6e10e296e17
566e2019-02-19 18:00:00e-5e-12e0.1e8.7e1e0e100e05:42 PMe06:59 AMe06:46 AMe05:32 PMe-14e-11e-6e-11e19e7e49e0.0e1034e-7e10e292e12
567e2019-02-19 21:00:00e-5e-12e0.1e8.7e1e0e100e05:42 PMe06:59 AMe06:46 AMe05:32 PMe-15e-11e-8e-11e15e21e58e0.0e1037e-9e10e291e7
568e2019-02-20 00:00:00e-1e-12e0.8e5.6e2e0e88e07:00 PMe07:37 AMe06:45 AMe05:33 PMe-16e-10e-10e-10e9e24e68e0.0e1037e-11e10e305e4
569e2019-02-20 03:00:00e-1e-12e0.8e5.6e2e0e88e07:00 PMe07:37 AMe06:45 AMe05:33 PMe-15e-11e-11e-11e7e15e72e0.0e1037e-12e10e317e5
570e2019-02-20 06:00:00e-1e-12e0.8e5.6e2e0e88e07:00 PMe07:37 AMe06:45 AMe05:33 PMe-15e-10e-10e-10e4e28e71e0.0e1036e-11e10e252e4
571e2019-02-20 09:00:00e-1e-12e0.8e5.6e2e1e88e07:00 PMe07:37 AMe06:45 AMe05:33 PMe-13e-7e-7e-7e4e46e64e0.0e1033e-8e10e146e4
572e2019-02-20 12:00:00e-1e-12e0.8e5.6e2e1e88e07:00 PMe07:37 AMe06:45 AMe05:33 PMe-10e-4e-3e-4e6e82e57e0.0e1028e-4e10e150e7
573e2019-02-20 15:00:00e-1e-12e0.8e5.6e2e1e88e07:00 PMe07:37 AMe06:45 AMe05:33 PMe-8e-5e0e-5e13e78e56e0.0e1025e-1e10e152e14
574e2019-02-20 18:00:00e-1e-12e0.8e5.6e2e0e88e07:00 PMe07:37 AMe06:45 AMe05:33 PMe-8e-6e-1e-6e20e82e61e0.1e1026e-2e8e152e12
575e2019-02-20 21:00:00e-1e-12e0.8e5.6e2e0e88e07:00 PMe07:37 AMe06:45 AMe05:33 PMe-7e-7e-2e-7e23e100e67e0.8e1024e-3e6e146e13
576e2019-02-21 00:00:00e6e-1e0.0e4.1e1e0e80e08:15 PMe08:11 AMe06:43 AMe05:35 PMe-5e-7e-1e-7e21e100e75e3.2e1019e-2e6e152e18
577e2019-02-21 03:00:00e6e-1e0.0e4.1e1e0e80e08:15 PMe08:11 AMe06:43 AMe05:35 PMe-3e-4e0e-4e21e100e80e4.3e1015e-1e5e166e15
578e2019-02-21 06:00:00e6e-1e0.0e4.1e1e0e80e08:15 PMe08:11 AMe06:43 AMe05:35 PMe-2e-2e1e-2e17e94e81e1.5e1015e0e9e166e9
579e2019-02-21 09:00:00e6e-1e0.0e4.1e1e1e80e08:15 PMe08:11 AMe06:43 AMe05:35 PMe0e1e4e1e18e83e79e0.7e1014e3e9e203e8
580e2019-02-21 12:00:00e6e-1e0.0e4.1e1e2e80e08:15 PMe08:11 AMe06:43 AMe05:35 PMe0e3e6e3e26e76e69e0.1e1013e5e10e287e12
581e2019-02-21 15:00:00e6e-1e0.0e4.1e1e2e80e08:15 PMe08:11 AMe06:43 AMe05:35 PMe-1e4e7e4e24e64e60e0.0e1014e6e10e288e18
582e2019-02-21 18:00:00e6e-1e0.0e4.1e1e0e80e08:15 PMe08:11 AMe06:43 AMe05:35 PMe0e2e5e2e21e68e70e0.1e1017e5e10e289e14
583e2019-02-21 21:00:00e6e-1e0.0e4.1e1e0e80e08:15 PMe08:11 AMe06:43 AMe05:35 PMe-2e0e4e0e19e37e70e0.0e1020e3e10e286e15
584e2019-02-22 00:00:00e3e-5e0.0e7.2e2e0e73e09:28 PMe08:43 AMe06:42 AMe05:36 PMe-3e-1e3e-1e20e21e67e0.0e1021e2e10e281e15
585e2019-02-22 03:00:00e3e-5e0.0e7.2e2e0e73e09:28 PMe08:43 AMe06:42 AMe05:36 PMe-3e-3e1e-3e20e26e69e0.0e1022e1e10e291e12
586e2019-02-22 06:00:00e3e-5e0.0e7.2e2e0e73e09:28 PMe08:43 AMe06:42 AMe05:36 PMe-4e-4e0e-4e21e22e69e0.0e1024e-1e10e291e9
587e2019-02-22 09:00:00e3e-5e0.0e7.2e2e2e73e09:28 PMe08:43 AMe06:42 AMe05:36 PMe-5e-2e1e-2e20e22e62e0.0e1027e1e10e299e11
588e2019-02-22 12:00:00e3e-5e0.0e7.2e2e2e73e09:28 PMe08:43 AMe06:42 AMe05:36 PMe-5e0e3e0e17e34e59e0.0e1027e2e10e315e10
589e2019-02-22 15:00:00e3e-5e0.0e7.2e2e1e73e09:28 PMe08:43 AMe06:42 AMe05:36 PMe-3e1e4e1e14e63e59e0.0e1028e3e10e313e11
590e2019-02-22 18:00:00e3e-5e0.0e7.2e2e0e73e09:28 PMe08:43 AMe06:42 AMe05:36 PMe-3e-2e2e-2e15e64e69e0.0e1030e1e10e303e10
591e2019-02-22 21:00:00e3e-5e0.0e7.2e2e0e73e09:28 PMe08:43 AMe06:42 AMe05:36 PMe-6e-6e-2e-6e15e22e69e0.0e1030e-3e13e300e8
592e2019-02-23 00:00:00e6e-7e0.0e8.7e2e0e65e10:39 PMe09:14 AMe06:40 AMe05:37 PMe-9e-6e-4e-6e12e0e72e0.0e1029e-5e19e313e5
593e2019-02-23 03:00:00e6e-7e0.0e8.7e2e0e65e10:39 PMe09:14 AMe06:40 AMe05:37 PMe-8e-5e-5e-5e8e1e80e0.0e1034e-6e19e332e3
594e2019-02-23 06:00:00e6e-7e0.0e8.7e2e0e65e10:39 PMe09:14 AMe06:40 AMe05:37 PMe-9e-6e-5e-6e3e2e78e0.0e1031e-6e19e245e4
595e2019-02-23 09:00:00e6e-7e0.0e8.7e2e2e65e10:39 PMe09:14 AMe06:40 AMe05:37 PMe-7e-5e-2e-5e2e1e69e0.0e1024e-3e20e39e8
596e2019-02-23 12:00:00e6e-7e0.0e8.7e2e2e65e10:39 PMe09:14 AMe06:40 AMe05:37 PMe-3e2e4e2e1e4e58e0.0e1024e3e20e85e7
597e2019-02-23 15:00:00e6e-7e0.0e8.7e2e3e65e10:39 PMe09:14 AMe06:40 AMe05:37 PMe-2e4e6e4e5e4e56e0.0e1023e5e20e141e9
598e2019-02-23 18:00:00e6e-7e0.0e8.7e2e0e65e10:39 PMe09:14 AMe06:40 AMe05:37 PMe-3e0e3e0e11e28e62e0.0e1019e3e20e131e10
599e2019-02-23 21:00:00e6e-7e0.0e8.7e2e0e65e10:39 PMe09:14 AMe06:40 AMe05:37 PMe-4e-1e2e-1e18e74e66e0.0e1025e1e20e129e9
600e2019-02-24 00:00:00e7e2e1.1e4.1e2e0e57e11:47 PMe09:45 AMe06:39 AMe05:38 PMe-2e-1e2e-1e21e78e74e0.5e1020e2e18e140e10
601e2019-02-24 03:00:00e7e2e1.1e4.1e2e0e57e11:47 PMe09:45 AMe06:39 AMe05:38 PMe1e0e3e0e22e100e83e1.5e1014e2e8e136e9
602e2019-02-24 06:00:00e7e2e1.1e4.1e2e0e57e11:47 PMe09:45 AMe06:39 AMe05:38 PMe1e0e4e0e21e100e80e2.8e1011e3e7e125e13
603e2019-02-24 09:00:00e7e2e1.1e4.1e2e1e57e11:47 PMe09:45 AMe06:39 AMe05:38 PMe2e1e5e1e24e95e82e2.5e1006e4e5e128e16
604e2019-02-24 12:00:00e7e2e1.1e4.1e2e2e57e11:47 PMe09:45 AMe06:39 AMe05:38 PMe3e2e6e2e36e88e81e0.9e999e5e4e142e16
605e2019-02-24 15:00:00e7e2e1.1e4.1e2e2e57e11:47 PMe09:45 AMe06:39 AMe05:38 PMe4e5e8e5e39e93e74e1.1e993e7e7e153e18
606e2019-02-24 18:00:00e7e2e1.1e4.1e2e0e57e11:47 PMe09:45 AMe06:39 AMe05:38 PMe4e5e8e5e30e88e75e0.7e992e7e5e185e19
607e2019-02-24 21:00:00e7e2e1.1e4.1e2e0e57e11:47 PMe09:45 AMe06:39 AMe05:38 PMe1e3e6e3e27e91e73e1.3e994e6e7e238e17
608e2019-02-25 00:00:00e0e-5e1.9e4.1e1e0e50e"No moonrise"e10:18 AMe06:37 AMe05:40 PMe-3e0e4e0e22e78e58e1.1e994e4e3e262e21
609e2019-02-25 03:00:00e0e-5e1.9e4.1e1e0e50e"No moonrise"e10:18 AMe06:37 AMe05:40 PMe-7e-3e2e-3e22e70e53e0.9e995e2e5e248e21
610e2019-02-25 06:00:00e0e-5e1.9e4.1e1e0e50e"No moonrise"e10:18 AMe06:37 AMe05:40 PMe-8e-4e1e-4e28e77e52e0.2e999e0e5e260e24
611e2019-02-25 09:00:00e0e-5e1.9e4.1e1e1e50e"No moonrise"e10:18 AMe06:37 AMe05:40 PMe-8e-5e1e-5e38e72e52e0.3e1003e0e3e273e32
612e2019-02-25 12:00:00e0e-5e1.9e4.1e1e1e50e"No moonrise"e10:18 AMe06:37 AMe05:40 PMe-9e-6e1e-6e44e84e45e0.4e1007e0e0e285e38
613e2019-02-25 15:00:00e0e-5e1.9e4.1e1e1e50e"No moonrise"e10:18 AMe06:37 AMe05:40 PMe-11e-7e0e-7e44e92e43e0.4e1010e-1e0e291e37
614e2019-02-25 18:00:00e0e-5e1.9e4.1e1e0e50e"No moonrise"e10:18 AMe06:37 AMe05:40 PMe-12e-9e-2e-9e42e100e45e0.1e1014e-3e0e294e32
615e2019-02-25 21:00:00e0e-5e1.9e4.1e1e0e50e"No moonrise"e10:18 AMe06:37 AMe05:40 PMe-14e-10e-3e-10e39e98e44e0.1e1018e-4e1e296e28
616e2019-02-26 00:00:00e-3e-10e0.0e5.7e2e0e42e12:52 AMe10:54 AMe06:36 AMe05:41 PMe-15e-12e-5e-12e39e73e44e0.0e1020e-6e5e296e26
617e2019-02-26 03:00:00e-3e-10e0.0e5.7e2e0e42e12:52 AMe10:54 AMe06:36 AMe05:41 PMe-16e-13e-6e-13e35e21e45e0.0e1022e-7e10e303e23
618e2019-02-26 06:00:00e-3e-10e0.0e5.7e2e0e42e12:52 AMe10:54 AMe06:36 AMe05:41 PMe-17e-14e-7e-14e29e15e45e0.0e1025e-8e10e305e19
619e2019-02-26 09:00:00e-3e-10e0.0e5.7e2e1e42e12:52 AMe10:54 AMe06:36 AMe05:41 PMe-18e-14e-7e-14e25e47e41e0.0e1027e-8e10e305e21
620e2019-02-26 12:00:00e-3e-10e0.0e5.7e2e1e42e12:52 AMe10:54 AMe06:36 AMe05:41 PMe-18e-11e-5e-11e27e81e34e0.0e1029e-6e10e302e22
621e2019-02-26 15:00:00e-3e-10e0.0e5.7e2e2e42e12:52 AMe10:54 AMe06:36 AMe05:41 PMe-17e-8e-3e-8e30e68e33e0.0e1031e-4e10e298e15
622e2019-02-26 18:00:00e-3e-10e0.0e5.7e2e0e42e12:52 AMe10:54 AMe06:36 AMe05:41 PMe-17e-12e-6e-12e30e51e40e0.0e1028e-7e10e298e16
623e2019-02-26 21:00:00e-3e-10e0.0e5.7e2e0e42e12:52 AMe10:54 AMe06:36 AMe05:41 PMe-17e-13e-8e-13e27e45e44e0.0e1029e-9e10e304e12
624e2019-02-27 00:00:00e-5e-13e1.1e5.7e2e0e35e01:54 AMe11:35 AMe06:34 AMe05:42 PMe-18e-15e-10e-15e20e40e48e0.0e1029e-11e10e324e10
625e2019-02-27 03:00:00e-5e-13e1.1e5.7e2e0e35e01:54 AMe11:35 AMe06:34 AMe05:42 PMe-19e-17e-11e-17e16e23e51e0.0e1029e-12e10e343e10
626e2019-02-27 06:00:00e-5e-13e1.1e5.7e2e0e35e01:54 AMe11:35 AMe06:34 AMe05:42 PMe-19e-16e-11e-16e12e17e56e0.0e1028e-12e10e344e8
627e2019-02-27 09:00:00e-5e-13e1.1e5.7e2e1e35e01:54 AMe11:35 AMe06:34 AMe05:42 PMe-15e-14e-9e-14e8e53e61e0.0e1026e-10e10e235e8
628e2019-02-27 12:00:00e-5e-13e1.1e5.7e2e1e35e01:54 AMe11:35 AMe06:34 AMe05:42 PMe-13e-11e-6e-11e3e92e55e0.0e1024e-7e10e23e10
629e2019-02-27 15:00:00e-5e-13e1.1e5.7e2e1e35e01:54 AMe11:35 AMe06:34 AMe05:42 PMe-13e-10e-5e-10e4e100e51e0.1e1021e-6e7e69e13
630e2019-02-27 18:00:00e-5e-13e1.1e5.7e2e0e35e01:54 AMe11:35 AMe06:34 AMe05:42 PMe-15e-12e-6e-12e8e100e50e0.3e1020e-7e2e91e12
631e2019-02-27 21:00:00e-5e-13e1.1e5.7e2e0e35e01:54 AMe11:35 AMe06:34 AMe05:42 PMe-15e-12e-8e-12e9e100e56e0.9e1021e-9e2e97e8
632e2019-02-28 00:00:00e-1e-11e4.8e4.2e1e0e27e02:50 AMe12:19 PMe06:32 AMe05:43 PMe-15e-13e-9e-13e8e100e61e2.6e1022e-10e2e98e7
633e2019-02-28 03:00:00e-1e-11e4.8e4.2e1e0e27e02:50 AMe12:19 PMe06:32 AMe05:43 PMe-14e-13e-9e-13e7e100e66e2.6e1024e-10e2e84e7
634e2019-02-28 06:00:00e-1e-11e4.8e4.2e1e0e27e02:50 AMe12:19 PMe06:32 AMe05:43 PMe-15e-14e-10e-14e6e100e65e0.3e1025e-11e2e131e5
635e2019-02-28 09:00:00e-1e-11e4.8e4.2e1e1e27e02:50 AMe12:19 PMe06:32 AMe05:43 PMe-14e-12e-7e-12e10e98e59e0.2e1022e-8e3e316e8
636e2019-02-28 12:00:00e-1e-11e4.8e4.2e1e1e27e02:50 AMe12:19 PMe06:32 AMe05:43 PMe-11e-6e-2e-6e11e93e48e0.1e1018e-3e7e333e11
637e2019-02-28 15:00:00e-1e-11e4.8e4.2e1e1e27e02:50 AMe12:19 PMe06:32 AMe05:43 PMe-10e-4e0e-4e8e70e45e0.0e1018e-1e10e342e13
638e2019-02-28 18:00:00e-1e-11e4.8e4.2e1e0e27e02:50 AMe12:19 PMe06:32 AMe05:43 PMe-10e-6e-2e-6e6e33e50e0.0e1019e-3e10e230e13
639e2019-02-28 21:00:00e-1e-11e4.8e4.2e1e0e27e02:50 AMe12:19 PMe06:32 AMe05:43 PMe-12e-8e-4e-8e4e59e56e0.0e1022e-5e10e57e8
640e2019-03-01 00:00:00e1e-11e0.0e5.7e1e0e26e03:42 AMe01:08 PMe06:31 AMe05:45 PMe-13e-12e-8e-12e2e80e62e0.0e1027e-9e10e117e6
641e2019-03-01 03:00:00e1e-11e0.0e5.7e1e0e26e03:42 AMe01:08 PMe06:31 AMe05:45 PMe-14e-14e-10e-14e2e84e67e0.0e1029e-11e10e62e3
642e2019-03-01 06:00:00e1e-11e0.0e5.7e1e0e26e03:42 AMe01:08 PMe06:31 AMe05:45 PMe-15e-13e-9e-13e3e74e67e0.0e1030e-10e10e89e3
643e2019-03-01 09:00:00e1e-11e0.0e5.7e1e1e26e03:42 AMe01:08 PMe06:31 AMe05:45 PMe-13e-9e-6e-9e6e59e60e0.0e1030e-7e10e140e5
644e2019-03-01 12:00:00e1e-11e0.0e5.7e1e1e26e03:42 AMe01:08 PMe06:31 AMe05:45 PMe-10e-4e-1e-4e7e72e48e0.0e1027e-2e10e171e10
645e2019-03-01 15:00:00e1e-11e0.0e5.7e1e1e26e03:42 AMe01:08 PMe06:31 AMe05:45 PMe-8e-2e2e-2e6e84e47e0.0e1023e1e10e159e13
646e2019-03-01 18:00:00e1e-11e0.0e5.7e1e0e26e03:42 AMe01:08 PMe06:31 AMe05:45 PMe-10e-4e0e-4e8e84e47e0.0e1027e-1e10e128e10
647e2019-03-01 21:00:00e1e-11e0.0e5.7e1e0e26e03:42 AMe01:08 PMe06:31 AMe05:45 PMe-10e-7e-3e-7e11e47e54e0.0e1024e-4e10e111e11
648e2019-03-02 00:00:00e-1e-6e0.1e4.2e2e0e19e04:28 AMe02:01 PMe06:29 AMe05:46 PMe-10e-9e-4e-9e8e36e60e0.0e1021e-5e10e88e10
649e2019-03-02 03:00:00e-1e-6e0.1e4.2e2e0e19e04:28 AMe02:01 PMe06:29 AMe05:46 PMe-9e-8e-4e-8e6e51e66e0.0e1025e-5e10e151e8
650e2019-03-02 06:00:00e-1e-6e0.1e4.2e2e0e19e04:28 AMe02:01 PMe06:29 AMe05:46 PMe-9e-8e-4e-8e6e99e67e0.0e1023e-5e10e351e8
651e2019-03-02 09:00:00e-1e-6e0.1e4.2e2e1e19e04:28 AMe02:01 PMe06:29 AMe05:46 PMe-8e-7e-3e-7e5e97e64e0.0e1021e-4e8e338e9
652e2019-03-02 12:00:00e-1e-6e0.1e4.2e2e1e19e04:28 AMe02:01 PMe06:29 AMe05:46 PMe-9e-6e-2e-6e6e100e58e0.1e1018e-3e7e340e12
653e2019-03-02 15:00:00e-1e-6e0.1e4.2e2e1e19e04:28 AMe02:01 PMe06:29 AMe05:46 PMe-9e-6e-1e-6e5e100e53e0.0e1017e-2e8e324e16
654e2019-03-02 18:00:00e-1e-6e0.1e4.2e2e0e19e04:28 AMe02:01 PMe06:29 AMe05:46 PMe-10e-6e-1e-6e3e100e50e0.1e1015e-2e7e289e20
655e2019-03-02 21:00:00e-1e-6e0.1e4.2e2e0e19e04:28 AMe02:01 PMe06:29 AMe05:46 PMe-12e-10e-4e-10e4e99e54e0.0e1012e-5e8e239e19
656e2019-03-03 00:00:00e-3e-9e1.1e7.2e2e0e12e05:08 AMe02:57 PMe06:28 AMe05:47 PMe-13e-12e-6e-12e11e86e57e0.1e1012e-7e7e259e13
657e2019-03-03 03:00:00e-3e-9e1.1e7.2e2e0e12e05:08 AMe02:57 PMe06:28 AMe05:47 PMe-13e-13e-7e-13e16e55e61e0.0e1012e-8e10e281e13
658e2019-03-03 06:00:00e-3e-9e1.1e7.2e2e0e12e05:08 AMe02:57 PMe06:28 AMe05:47 PMe-13e-12e-6e-12e15e29e60e0.0e1012e-7e10e290e15
659e2019-03-03 09:00:00e-3e-9e1.1e7.2e2e2e12e05:08 AMe02:57 PMe06:28 AMe05:47 PMe-12e-11e-5e-11e12e19e58e0.0e1013e-6e10e293e15
660e2019-03-03 12:00:00e-3e-9e1.1e7.2e2e1e12e05:08 AMe02:57 PMe06:28 AMe05:47 PMe-12e-9e-3e-9e11e53e49e0.0e1015e-4e10e299e17
661e2019-03-03 15:00:00e-3e-9e1.1e7.2e2e1e12e05:08 AMe02:57 PMe06:28 AMe05:47 PMe-13e-9e-3e-9e7e76e46e0.0e1017e-4e10e297e19
662e2019-03-03 18:00:00e-3e-9e1.1e7.2e2e0e12e05:08 AMe02:57 PMe06:28 AMe05:47 PMe-13e-11e-5e-11e4e100e51e0.1e1019e-6e8e228e17
663e2019-03-03 21:00:00e-3e-9e1.1e7.2e2e0e12e05:08 AMe02:57 PMe06:28 AMe05:47 PMe-14e-13e-7e-13e5e100e57e1.2e1021e-8e4e83e15
664e2019-03-04 00:00:00e1e-11e7.9e5.7e1e0e4e05:44 AMe03:55 PMe06:26 AMe05:48 PMe-14e-13e-8e-13e6e100e61e3.9e1021e-9e2e89e13
665e2019-03-04 03:00:00e1e-11e7.9e5.7e1e0e4e05:44 AMe03:55 PMe06:26 AMe05:48 PMe-15e-15e-9e-15e7e100e65e3.9e1020e-10e2e146e9
666e2019-03-04 06:00:00e1e-11e7.9e5.7e1e0e4e05:44 AMe03:55 PMe06:26 AMe05:48 PMe-15e-15e-10e-15e13e98e65e0.7e1021e-11e2e339e9
667e2019-03-04 09:00:00e1e-11e7.9e5.7e1e1e4e05:44 AMe03:55 PMe06:26 AMe05:48 PMe-10e-11e-6e-11e18e84e70e0.7e1017e-7e5e320e12
668e2019-03-04 12:00:00e1e-11e7.9e5.7e1e1e4e05:44 AMe03:55 PMe06:26 AMe05:48 PMe-3e-4e0e-4e19e67e76e0.1e1008e0e9e311e17
669e2019-03-04 15:00:00e1e-11e7.9e5.7e1e2e4e05:44 AMe03:55 PMe06:26 AMe05:48 PMe-5e-5e0e-5e23e48e68e0.1e1008e0e8e294e20
670e2019-03-04 18:00:00e1e-11e7.9e5.7e1e0e4e05:44 AMe03:55 PMe06:26 AMe05:48 PMe-8e-9e-3e-9e24e8e67e0.0e1010e-3e10e288e20
671e2019-03-04 21:00:00e1e-11e7.9e5.7e1e0e4e05:44 AMe03:55 PMe06:26 AMe05:48 PMe-11e-13e-7e-13e21e6e75e0.0e1014e-7e10e289e15
672e2019-03-05 00:00:00e-4e-11e0.3e5.7e2e0e0e06:14 AMe04:54 PMe06:24 AMe05:49 PMe-12e-15e-10e-15e17e14e81e0.0e1017e-10e10e284e11
673e2019-03-05 03:00:00e-4e-11e0.3e5.7e2e0e0e06:14 AMe04:54 PMe06:24 AMe05:49 PMe-14e-17e-11e-17e20e8e78e0.0e1017e-11e10e276e13
674e2019-03-05 06:00:00e-4e-11e0.3e5.7e2e0e0e06:14 AMe04:54 PMe06:24 AMe05:49 PMe-14e-17e-11e-17e16e10e80e0.0e1018e-11e10e264e10
675e2019-03-05 09:00:00e-4e-11e0.3e5.7e2e1e0e06:14 AMe04:54 PMe06:24 AMe05:49 PMe-13e-14e-10e-14e10e35e77e0.0e1018e-10e10e241e7
676e2019-03-05 12:00:00e-4e-11e0.3e5.7e2e1e0e06:14 AMe04:54 PMe06:24 AMe05:49 PMe-12e-10e-6e-10e9e85e63e0.0e1017e-6e10e248e8
677e2019-03-05 15:00:00e-4e-11e0.3e5.7e2e1e0e06:14 AMe04:54 PMe06:24 AMe05:49 PMe-10e-7e-4e-7e8e98e61e0.0e1014e-4e8e259e7
678e2019-03-05 18:00:00e-4e-11e0.3e5.7e2e0e0e06:14 AMe04:54 PMe06:24 AMe05:49 PMe-9e-8e-5e-8e10e98e71e0.2e1014e-5e4e303e8
679e2019-03-05 21:00:00e-4e-11e0.3e5.7e2e0e0e06:14 AMe04:54 PMe06:24 AMe05:49 PMe-10e-12e-8e-12e15e85e83e0.2e1015e-8e5e324e9
680e2019-03-06 00:00:00e-6e-13e0.0e5.7e1e0e0e06:43 AMe05:54 PMe06:23 AMe05:51 PMe-13e-17e-11e-17e23e73e81e0.1e1016e-11e10e293e13
681e2019-03-06 03:00:00e-6e-13e0.0e5.7e1e0e0e06:43 AMe05:54 PMe06:23 AMe05:51 PMe-15e-19e-13e-19e22e69e81e0.1e1016e-13e10e276e12
682e2019-03-06 06:00:00e-6e-13e0.0e5.7e1e0e0e06:43 AMe05:54 PMe06:23 AMe05:51 PMe-15e-18e-13e-18e18e42e84e0.0e1017e-13e10e278e10
683e2019-03-06 09:00:00e-6e-13e0.0e5.7e1e2e0e06:43 AMe05:54 PMe06:23 AMe05:51 PMe-15e-17e-11e-17e18e47e73e0.0e1018e-11e10e290e13
684e2019-03-06 12:00:00e-6e-13e0.0e5.7e1e1e0e06:43 AMe05:54 PMe06:23 AMe05:51 PMe-15e-14e-7e-14e23e65e52e0.0e1018e-7e10e298e19
685e2019-03-06 15:00:00e-6e-13e0.0e5.7e1e1e0e06:43 AMe05:54 PMe06:23 AMe05:51 PMe-14e-13e-6e-13e24e100e53e0.0e1018e-6e9e292e21
686e2019-03-06 18:00:00e-6e-13e0.0e5.7e1e0e0e06:43 AMe05:54 PMe06:23 AMe05:51 PMe-13e-14e-7e-14e23e94e62e0.1e1019e-7e8e291e18
687e2019-03-06 21:00:00e-6e-13e0.0e5.7e1e0e0e06:43 AMe05:54 PMe06:23 AMe05:51 PMe-14e-16e-11e-16e20e87e76e0.1e1022e-11e9e285e12
688e2019-03-07 00:00:00e-3e-14e0.2e4.2e1e0e3e07:09 AMe06:53 PMe06:21 AMe05:52 PMe-15e-18e-12e-18e20e99e82e0.0e1024e-12e10e267e12
689e2019-03-07 03:00:00e-3e-14e0.2e4.2e1e0e3e07:09 AMe06:53 PMe06:21 AMe05:52 PMe-16e-19e-13e-19e17e100e80e0.1e1024e-13e10e258e10
690e2019-03-07 06:00:00e-3e-14e0.2e4.2e1e0e3e07:09 AMe06:53 PMe06:21 AMe05:52 PMe-16e-18e-14e-18e12e85e82e0.0e1024e-14e10e230e6
691e2019-03-07 09:00:00e-3e-14e0.2e4.2e1e1e3e07:09 AMe06:53 PMe06:21 AMe05:52 PMe-15e-16e-12e-16e10e71e77e0.0e1024e-12e10e215e7
692e2019-03-07 12:00:00e-3e-14e0.2e4.2e1e1e3e07:09 AMe06:53 PMe06:21 AMe05:52 PMe-12e-11e-6e-11e13e98e62e0.0e1023e-6e10e250e12
693e2019-03-07 15:00:00e-3e-14e0.2e4.2e1e1e3e07:09 AMe06:53 PMe06:21 AMe05:52 PMe-10e-9e-3e-9e21e97e57e0.1e1023e-3e9e278e18
694e2019-03-07 18:00:00e-3e-14e0.2e4.2e1e0e3e07:09 AMe06:53 PMe06:21 AMe05:52 PMe-10e-11e-5e-11e23e67e67e0.1e1024e-5e8e288e17
695e2019-03-07 21:00:00e-3e-14e0.2e4.2e1e0e3e07:09 AMe06:53 PMe06:21 AMe05:52 PMe-12e-14e-9e-14e19e9e77e0.0e1027e-9e10e277e11
696e2019-03-08 00:00:00e2e-12e0.0e7.2e2e0e10e07:34 AMe07:53 PMe06:19 AMe05:53 PMe-13e-15e-11e-15e14e19e84e0.0e1029e-11e10e252e7
697e2019-03-08 03:00:00e2e-12e0.0e7.2e2e0e10e07:34 AMe07:53 PMe06:19 AMe05:53 PMe-13e-15e-11e-15e11e13e85e0.0e1030e-11e10e229e6
698e2019-03-08 06:00:00e2e-12e0.0e7.2e2e0e10e07:34 AMe07:53 PMe06:19 AMe05:53 PMe-14e-15e-11e-15e10e35e85e0.0e1030e-11e10e197e5
699e2019-03-08 09:00:00e2e-12e0.0e7.2e2e2e10e07:34 AMe07:53 PMe06:19 AMe05:53 PMe-12e-12e-9e-12e8e43e78e0.0e1030e-9e10e190e5
700e2019-03-08 12:00:00e2e-12e0.0e7.2e2e1e10e07:34 AMe07:53 PMe06:19 AMe05:53 PMe-10e-5e-3e-5e6e35e60e0.0e1028e-3e10e225e6
701e2019-03-08 15:00:00e2e-12e0.0e7.2e2e2e10e07:34 AMe07:53 PMe06:19 AMe05:53 PMe-8e-1e1e-1e6e64e52e0.0e1025e1e10e217e5
702e2019-03-08 18:00:00e2e-12e0.0e7.2e2e0e10e07:34 AMe07:53 PMe06:19 AMe05:53 PMe-7e0e1e0e6e12e61e0.0e1024e0e10e183e4
703e2019-03-08 21:00:00e2e-12e0.0e7.2e2e0e10e07:34 AMe07:53 PMe06:19 AMe05:53 PMe-7e-4e-1e-4e10e16e80e0.0e1024e-3e10e162e5
704e2019-03-09 00:00:00e3e-7e0.0e8.7e2e0e17e07:59 AMe08:54 PMe06:18 AMe05:54 PMe-8e-8e-6e-8e10e7e87e0.0e1024e-6e10e172e5
705e2019-03-09 03:00:00e3e-7e0.0e8.7e2e0e17e07:59 AMe08:54 PMe06:18 AMe05:54 PMe-8e-7e-6e-7e5e21e90e0.0e1025e-6e10e202e3
706e2019-03-09 06:00:00e3e-7e0.0e8.7e2e0e17e07:59 AMe08:54 PMe06:18 AMe05:54 PMe-8e-7e-7e-7e4e33e91e0.0e1026e-7e10e282e2
707e2019-03-09 09:00:00e3e-7e0.0e8.7e2e2e17e07:59 AMe08:54 PMe06:18 AMe05:54 PMe-7e-7e-5e-7e7e6e84e0.0e1027e-5e10e300e5
708e2019-03-09 12:00:00e3e-7e0.0e8.7e2e2e17e07:59 AMe08:54 PMe06:18 AMe05:54 PMe-6e-2e1e-2e8e0e64e0.0e1027e1e10e323e7
709e2019-03-09 15:00:00e3e-7e0.0e8.7e2e2e17e07:59 AMe08:54 PMe06:18 AMe05:54 PMe-5e1e3e1e8e3e57e0.0e1027e3e10e236e7
710e2019-03-09 18:00:00e3e-7e0.0e8.7e2e0e17e07:59 AMe08:54 PMe06:18 AMe05:54 PMe-5e-1e1e-1e8e9e64e0.0e1028e1e10e28e6
711e2019-03-09 21:00:00e3e-7e0.0e8.7e2e0e17e07:59 AMe08:54 PMe06:18 AMe05:54 PMe-5e-4e-2e-4e10e37e80e0.0e1029e-2e10e68e5
712e2019-03-10 00:00:00e5e-1e0.0e4.3e2e0e24e08:26 AMe09:57 PMe06:16 AMe05:55 PMe-5e-5e-2e-5e19e64e83e0.0e1028e-2e10e122e10
713e2019-03-10 03:00:00e5e-1e0.0e4.3e2e0e24e08:26 AMe09:57 PMe06:16 AMe05:55 PMe-5e-6e-1e-6e34e37e75e0.0e1027e-1e10e134e18
714e2019-03-10 06:00:00e5e-1e0.0e4.3e2e0e24e08:26 AMe09:57 PMe06:16 AMe05:55 PMe-5e-7e-1e-7e39e68e74e1.1e1025e-1e7e141e23
715e2019-03-10 09:00:00e5e-1e0.0e4.3e2e1e24e08:26 AMe09:57 PMe06:16 AMe05:55 PMe-3e-6e0e-6e45e75e81e2.5e1023e0e3e138e30
716e2019-03-10 12:00:00e5e-1e0.0e4.3e2e1e24e08:26 AMe09:57 PMe06:16 AMe05:55 PMe0e-3e3e-3e41e90e82e0.9e1019e3e9e145e29
717e2019-03-10 15:00:00e5e-1e0.0e4.3e2e1e24e08:26 AMe09:57 PMe06:16 AMe05:55 PMe2e0e5e0e35e87e84e0.6e1015e5e9e149e24
718e2019-03-10 18:00:00e5e-1e0.0e4.3e2e0e24e08:26 AMe09:57 PMe06:16 AMe05:55 PMe3e1e5e1e28e58e89e0.2e1013e5e8e156e18
719e2019-03-10 21:00:00e5e-1e0.0e4.3e2e0e24e08:26 AMe09:57 PMe06:16 AMe05:55 PMe2e1e3e1e17e70e95e0.2e1013e3e4e179e9
720e2019-03-11 00:00:00e4e-1e0.2e4.3e1e0e32e08:55 AMe11:00 PMe06:14 AMe05:57 PMe0e-1e1e-1e12e99e93e0.0e1014e1e5e209e6
721e2019-03-11 03:00:00e4e-1e0.2e4.3e1e0e32e08:55 AMe11:00 PMe06:14 AMe05:57 PMe-1e-2e1e-2e18e95e88e0.0e1014e1e10e231e10
722e2019-03-11 06:00:00e4e-1e0.2e4.3e1e0e32e08:55 AMe11:00 PMe06:14 AMe05:57 PMe-2e-3e1e-3e18e95e85e0.0e1014e1e10e225e10
723e2019-03-11 09:00:00e4e-1e0.2e4.3e1e1e32e08:55 AMe11:00 PMe06:14 AMe05:57 PMe-2e-2e2e-2e19e99e79e0.1e1015e2e9e242e14
724e2019-03-11 12:00:00e4e-1e0.2e4.3e1e1e32e08:55 AMe11:00 PMe06:14 AMe05:57 PMe-2e-1e3e-1e26e100e68e0.1e1015e3e8e269e21
725e2019-03-11 15:00:00e4e-1e0.2e4.3e1e1e32e08:55 AMe11:00 PMe06:14 AMe05:57 PMe-2e-1e4e-1e27e99e66e0.0e1015e4e9e271e22
726e2019-03-11 18:00:00e4e-1e0.2e4.3e1e0e32e08:55 AMe11:00 PMe06:14 AMe05:57 PMe-2e-2e3e-2e22e84e71e0.1e1015e3e7e274e16
727e2019-03-11 21:00:00e4e-1e0.2e4.3e1e0e32e08:55 AMe11:00 PMe06:14 AMe05:57 PMe-3e-4e0e-4e21e44e79e0.1e1017e0e8e276e13
